Producto,Desc_Producto,Familia_Producto,Categoria,Segmentacion_Producto,Ubicacion,Desc_Ubicacion,Origen_Abasto,OverrideClasificacionABCD,Override_Min_Politica_Inventarios,Override_Max_Politica_Inventarios,Medida_Override,Tipo_Override,MargenUnitario,LeadTime_Abasto_Dias,Frecuencia_Revision_Dias,Fill_Rate,MOQ,Tamano_Lote,Unidades_Pallet,Costo_Unidad,Tolerancia_Vida_Util_Dias,Vida_Util_Dias,Unidad_Medida_UOM,Presentacion,Desc_Empaque_UOM_Base,Unidades_Empaque,Cantidad_Demanda_Indirecta,Nivel_OA
1012,AGAMATRIX WS LANCETAS CAJA 100 PZS ,,ARTICULOS,ACTIVO,3,ESCOBEDO,,,,,,,1,1,14,0.8,20,1,1,50.41,335,365,,CAJA,CAJA,,,
2327,AGUJAS NOVOFINE 32G 6MM 7 PIEZAS ,Slow Mover,ARTICULOS,ACTIVO,3,ESCOBEDO,,,,,,,1,1,14,0.8,1,1,1,0.01,335,365,,PZ,PZ,,,
730,BD ULTRA FINE AGUJA PLUMA INSULINA 4MM C/10,,ARTICULOS,ACTIVO,3,ESCOBEDO,,,,,,,1,1,14,0.8,1,1,1,54.66,335,365,,pz,pz,,,
2340,BD ULTRA FINE AGUJA PLUMA INSULINA 4MM C/100,,ARTICULOS,ACTIVO,3,ESCOBEDO,,,,,,,1,1,14,0.8,1,1,1,387.5,335,365,,PZ,PZ,,,
1513,BD ULTRA FINE AGUJA PLUMA INSULINA 5MM C/10,ND,ARTICULOS,ACTIVO,3,ESCOBEDO,,,,,,,1,1,14,0.8,1,1,1,46.81,335,365,,PZ,PZ,,,
1346,BD ULTRA FINE CAJA C/30 JERINGAS INSULINA 31GX6MM 3ML,,ARTICULOS,ACTIVO,3,ESCOBEDO,,,,,,,1,1,14,0.8,1,1,1,109.09,335,365,,CAJA,CAJA,,,
1347,BD ULTRA FINE JERINGA INSULINA 31GX6MM .5ML C/10,,ARTICULOS,ACTIVO,3,ESCOBEDO,,,,,,,1,1,14,0.8,1,1,1,46.82,335,365,,PZ,PZ,,,
1348,BD ULTRA FINE JERINGA INSULINA 31GX6MM 1ML C/10,,ARTICULOS,ACTIVO,3,ESCOBEDO,,,,,,,1,1,14,0.8,1,1,1,45.91,335,365,,PZ,PZ,,,
2334,BENESTA LANCETAS CAJA 100 PZS,Slow Mover,ARTICULOS,ACTIVO,3,ESCOBEDO,,,,,,,1,1,14,0.8,1,1,1,35.2,335,365,,CAJA,CAJA,,,
1520,BOSTON PLANTILLA MEMORY FARM M,,ARTICULOS,ACTIVO,3,ESCOBEDO,,,,,,,1,1,14,0.8,6,1,1,67.1,335,365,,PAR,PAR,,,
865,BP-103H MONITOR DE PRESION AUTOMATICO NEUTEK,,ARTICULOS,ACTIVO,3,ESCOBEDO,,,,,,,1,1,14,0.8,1,1,1,419.88,335,365,,pz,pz,,,
628,Caja de Agujas Novofine 32G Tip etw,,ARTICULOS,ACTIVO,3,ESCOBEDO,,,,,,,1,1,14,0.8,1,1,1,386.87,335,365,,pz,pz,,,
1069,CDA CARTERA PORTA INSULINA,,ARTICULOS,ACTIVO,3,ESCOBEDO,,,,,,,1,1,14,0.8,1,1,1,125.4,335,365,,pz,pz,,,
2044,CITIZEN BASCULA DIGITAL,Slow Mover,ARTICULOS,ACTIVO,3,ESCOBEDO,,,,,,,1,1,14,0.8,1,1,1,304.61,335,365,,PZ,PZ,,,
2516,DL AGUJA PLUMA INSULINA 4MM C/10 PZ,,ARTICULOS,ACTIVO,3,ESCOBEDO,,,,,,,1,1,14,0.8,1,1,1,34.22,335,365,,PZ,PZ,,,
2503,DL AGUJA PLUMA INSULINA 4MM C/100 PZ,,ARTICULOS,ACTIVO,3,ESCOBEDO,,,,,,,1,1,14,0.8,1,1,1,353.89,335,365,,PZ,PZ,,,
2472,GLUCOMETRO CONTOUR ELITE,ND,ARTICULOS,ACTIVO,3,ESCOBEDO,,,,,,,1,1,14,0.8,8,1,1,215.52,335,365,,PZ,PZ,,,
2405,GLUCOMETRO CONTOUR PLUS,,ARTICULOS,ACTIVO,3,ESCOBEDO,,,,,,,1,1,14,0.8,8,1,1,215.52,335,365,,PZ,PZ,,,
2483,GLUCOMETRO CONTOUR PLUS INSUMO,ND,ARTICULOS,ACTIVO,3,ESCOBEDO,,,,,,,1,1,14,0.8,0,1,1,0.01,0,0,,PZ,PZ,,,
1010,GLUCOMETRO PRESTO AGAMATRIX,,ARTICULOS,ACTIVO,3,ESCOBEDO,,,,,,,1,1,14,0.8,12,1,1,248.68,335,365,,PZ,PZ,,,
2353,GLUCOMETRO PRESTO AGAMATRIX 02,ND,ARTICULOS,ACTIVO,3,ESCOBEDO,,,,,,,1,1,14,0.8,12,1,1,261.14,335,365,,PZ,PZ,,,
1649,NEUTEK BAUMANOMETRO MUÑECA BP 202H,Slow Mover,ARTICULOS,ACTIVO,3,ESCOBEDO,,,,,,,1,1,14,0.8,1,1,1,319.37,335,365,,PZ,PZ,,,
2373,TARJETA 100 APOYO A PACIENTES,,ARTICULOS,ACTIVO,3,ESCOBEDO,,,,,,,1,1,14,0.8,0,1,1,0,0,0,,PIEZA,PIEZA,,,
2370,TARJETA 20 APOYO A PACIENTES,Slow Mover,ARTICULOS,ACTIVO,3,ESCOBEDO,,,,,,,1,1,14,0.8,0,1,1,0,0,0,,PIEZA,PIEZA,,,
2374,TARJETA 200 APOYO A PACIENTES,,ARTICULOS,ACTIVO,3,ESCOBEDO,,,,,,,1,1,14,0.8,0,1,1,0,0,0,,PIEZA,PIEZA,,,
2371,TARJETA 30 APOYO A PACIENTES,Slow Mover,ARTICULOS,ACTIVO,3,ESCOBEDO,,,,,,,1,1,14,0.8,0,1,1,0,0,0,,PIEZA,PIEZA,,,
2372,TARJETA 50 APOYO A PACIENTES,,ARTICULOS,ACTIVO,3,ESCOBEDO,,,,,,,1,1,14,0.8,0,1,1,0,0,0,,PIEZA,PIEZA,,,
2379,TARJETA FRONTERA 100 APOYO A PACIENTES,ND,ARTICULOS,ACTIVO,3,ESCOBEDO,,,,,,,1,1,14,0.8,0,1,1,0,0,0,,PIEZA,PIEZA,,,
2376,TARJETA FRONTERA 20 APOYO A PACIENTES,ND,ARTICULOS,ACTIVO,3,ESCOBEDO,,,,,,,1,1,14,0.8,0,1,1,0,0,0,,PIEZA,PIEZA,,,
2380,TARJETA FRONTERA 200 APOYO A PACIENTES,ND,ARTICULOS,ACTIVO,3,ESCOBEDO,,,,,,,1,1,14,0.8,0,1,1,0,0,0,,PIEZA,PIEZA,,,
2377,TARJETA FRONTERA 30 APOYO A PACIENTES,ND,ARTICULOS,ACTIVO,3,ESCOBEDO,,,,,,,1,1,14,0.8,0,1,1,0,0,0,,PIEZA,PIEZA,,,
2378,TARJETA FRONTERA 50 APOYO A PACIENTES,ND,ARTICULOS,ACTIVO,3,ESCOBEDO,,,,,,,1,1,14,0.8,0,1,1,0,0,0,,PIEZA,PIEZA,,,
2407,TIRAS ACCUCHEK INSTANT 50 PZS,ND,ARTICULOS,ACTIVO,3,ESCOBEDO,,,,,,,1,1,14,0.8,1,1,1,196,335,365,,CAJA,CAJA,,,
2406,TIRAS CONTOUR PLUS 50 PZS,,ARTICULOS,ACTIVO,3,ESCOBEDO,,,,,,,1,1,14,0.8,24,1,1,218.15,335,365,,CAJA,CAJA,,,
2484,TIRAS CONTOUR PLUS INSUMO,,ARTICULOS,ACTIVO,3,ESCOBEDO,,,,,,,1,1,14,0.8,0,1,1,0.01,0,0,,PZ,PZ,,,
1009,TIRAS PRESTO AGAMATRIX 50 PZS,,ARTICULOS,ACTIVO,3,ESCOBEDO,,,,,,,1,1,14,0.8,24,1,1,177.64,335,365,,CAJITAS,CAJITAS,,,
106,ACEITE ANTIMICÓTICO 20ML AG,,CREMAS,ACTIVO,3,ESCOBEDO,,,,,,,1,1,14,0.8,7,1,1,127,335,365,,Un,Un,,,
2470,CDA ACEITE ANTIHONGOS 15GR,Slow Mover,CREMAS,ACTIVO,3,ESCOBEDO,,,,,,,1,1,14,0.8,1,1,1,38.9,335,365,,Un,Un,,,
1017,CDA CREMA 2A 250G,,CREMAS,ACTIVO,3,ESCOBEDO,,,,,,,1,1,14,0.8,1,1,1,87.29,335,365,,PZ,PZ,,,
1015,CDA CREMA CAPSICUM 150G,,CREMAS,ACTIVO,3,ESCOBEDO,,,,,,,1,1,14,0.8,1,1,1,112.61,335,365,,PZ,PZ,,,
1876,CDA CREMA DIABECAZ 300ML,,CREMAS,ACTIVO,3,ESCOBEDO,,,,,,,1,1,14,0.8,1,1,1,106.9,335,365,,PZ,PZ,,,
1944,CDA CREMA MANZANILLA ARNICA 300ML,,CREMAS,ACTIVO,3,ESCOBEDO,,,,,,,1,1,14,0.8,1,1,1,110.98,335,365,,PZ,PZ,,,
1016,CDA CREMA UREA 40 150G,,CREMAS,ACTIVO,3,ESCOBEDO,,,,,,,1,1,14,0.8,1,1,1,75.31,335,365,,PZ,PZ,,,
2471,CDA GEL CICATRIZANTE 45GR,Slow Mover,CREMAS,ACTIVO,3,ESCOBEDO,,,,,,,1,1,14,0.8,1,1,1,49,335,365,,un,un,,,
1339,CDA MICO-TALC 150GR,Slow Mover,CREMAS,ACTIVO,3,ESCOBEDO,,,,,,,1,1,14,0.8,1,1,1,36.43,335,365,,PZ,PZ,,,
1018,CDA SPRAY FRESH 250ML,,CREMAS,ACTIVO,3,ESCOBEDO,,,,,,,1,1,14,0.8,1,1,1,125.47,335,365,,PZ,PZ,,,
339,CDA CALCETINES CABALLERO AZUL,Slow Mover,CALCETINES,ACTIVO,3,ESCOBEDO,,,,,,,1,1,14,0.8,1,1,1,37.5,0,0,,PAR,PAR,,,
6,CDA CALCETINES CABALLERO BLANCOS,Slow Mover,CALCETINES,ACTIVO,3,ESCOBEDO,,,,,,,1,1,14,0.8,1,1,1,37.5,0,0,,PAR,PAR,,,
338,CDA CALCETINES CABALLERO CAFÉ,Slow Mover,CALCETINES,ACTIVO,3,ESCOBEDO,,,,,,,1,1,14,0.8,1,1,1,37.5,0,0,,PAR,PAR,,,
337,CDA CALCETINES CABALLERO GRIS,Slow Mover,CALCETINES,ACTIVO,3,ESCOBEDO,,,,,,,1,1,14,0.8,1,1,1,37.5,0,0,,PAR,PAR,,,
4,CDA CALCETINES CABALLERO NEGROS,,CALCETINES,ACTIVO,3,ESCOBEDO,,,,,,,1,1,14,0.8,1,1,1,37.5,0,0,,PAR,PAR,,,
335,CDA CALCETINES DAMA BLANCO,ND,CALCETINES,ACTIVO,3,ESCOBEDO,,,,,,,1,1,14,0.8,1,1,1,37.5,0,0,,PAR,PAR,,,
340,CDA CALCETINES DAMA GRIS,Slow Mover,CALCETINES,ACTIVO,3,ESCOBEDO,,,,,,,1,1,14,0.8,1,1,1,37.5,0,0,,PAR,PAR,,,
334,CDA CALCETINES DAMA NEGRO,Slow Mover,CALCETINES,ACTIVO,3,ESCOBEDO,,,,,,,1,1,14,0.8,1,1,1,37.5,0,0,,PAR,PAR,,,
1755,CDA CALCETINES LIGEROS CABALLERO AZUL CAFÉ 2 PACK,,CALCETINES,ACTIVO,3,ESCOBEDO,,,,,,,1,1,14,0.8,1,1,1,39.25,0,0,,2pack,2pack,,,
1754,CDA CALCETINES LIGEROS CABALLERO NEGRO GRIS 2PACK,,CALCETINES,ACTIVO,3,ESCOBEDO,,,,,,,1,1,14,0.8,1,1,1,39.25,0,0,,2pack,2pack,,,
1759,CDA CALCETINES LIGEROS DAMA NEGRO BLANCO 2 PACK,Slow Mover,CALCETINES,ACTIVO,3,ESCOBEDO,,,,,,,1,1,14,0.8,1,1,1,39.25,0,0,,2pack,2pack,,,
1758,CDA CALCETINES LIGEROS DAMA NEGRO GRIS 2 PACK,,CALCETINES,ACTIVO,3,ESCOBEDO,,,,,,,1,1,14,0.8,1,1,1,39.25,0,0,,2pack,2pack,,,
333,CDA TIN CABALLERO BLANCO,,CALCETINES,ACTIVO,3,ESCOBEDO,,,,,,,1,1,14,0.8,1,1,1,37.5,0,0,,PAR,PAR,,,
336,CDA TIN CABALLERO NEGRO,,CALCETINES,ACTIVO,3,ESCOBEDO,,,,,,,1,1,14,0.8,1,1,1,37.5,0,0,,PAR,PAR,,,
255,CDA TIN DAMA BLANCO,Slow Mover,CALCETINES,ACTIVO,3,ESCOBEDO,,,,,,,1,1,14,0.8,1,1,1,37.5,0,0,,PAR,PAR,,,
932,CDA TIN DAMA NEGRO,Slow Mover,CALCETINES,ACTIVO,3,ESCOBEDO,,,,,,,1,1,14,0.8,1,1,1,37.5,0,0,,PAR,PAR,,,
2328,CDA TINES LIGEROS CABALLERO NEGRO AZUL 2 PACK,Slow Mover,CALCETINES,ACTIVO,3,ESCOBEDO,,,,,,,1,1,14,0.8,1,1,1,39.25,0,0,,2pack,2pack,,,
1757,CDA TINES LIGEROS CABALLERO NEGRO BLANCO 2 PACK,,CALCETINES,ACTIVO,3,ESCOBEDO,,,,,,,1,1,14,0.8,1,1,1,39.25,0,0,,2pack,2pack,,,
1756,CDA TINES LIGEROS CABALLERO NEGRO GRIS 2 PACK,Slow Mover,CALCETINES,ACTIVO,3,ESCOBEDO,,,,,,,1,1,14,0.8,1,1,1,39.25,0,0,,2pack,2pack,,,
2329,CDA TINES LIGEROS DAMA NEGRO AZUL 2 PACK,Slow Mover,CALCETINES,ACTIVO,3,ESCOBEDO,,,,,,,1,1,14,0.8,1,1,1,39.25,0,0,,2pack,2pack,,,
1761,CDA TINES LIGEROS DAMA NEGRO BLANCO 2 PACK,Slow Mover,CALCETINES,ACTIVO,3,ESCOBEDO,,,,,,,1,1,14,0.8,1,1,1,39.25,0,0,,2pack,2pack,,,
1760,CDA TINES LIGEROS DAMA NEGRO GRIS 2 PACK,Slow Mover,CALCETINES,ACTIVO,3,ESCOBEDO,,,,,,,1,1,14,0.8,1,1,1,39.25,0,0,,2pack,2pack,,,
2289,OBSEQUIO 10AÑOS CDA CALCETINES CABALLERO GRIS,ND,CALCETINES,ACTIVO,3,ESCOBEDO,,,,,,,1,1,14,0.8,0,1,1,0,0,0,,PAR,PAR,,,
869,BARRINOLAS MIEL DE AGAVE 36G,,GALLETAS,ACTIVO,3,ESCOBEDO,,,,,,,1,1,14,0.8,10,1,1,5.3,325,330,,pz,pz,,,
2214,CHOCOBERRIES DMEALS 100G,,GALLETAS,ACTIVO,3,ESCOBEDO,,,,,,,1,1,14,0.8,1,1,1,18,360,365,,PZ,PZ,,,
2213,CIOCCOLANTO DMEALS 100G,Slow Mover,GALLETAS,ACTIVO,3,ESCOBEDO,,,,,,,1,1,14,0.8,1,1,1,18,360,365,,PZ,PZ,,,
2505,DMEALS OREJITAS C/CHOCOLATE S/AZÚCAR 250GRS,,GALLETAS,ACTIVO,3,ESCOBEDO,,,,,,,1,1,14,0.8,1,1,1,36,360,365,,PZ,PZ,,,
2519,GALLETA AVELLANA STEVIA 250G,,GALLETAS,ACTIVO,3,ESCOBEDO,,,,,,,1,1,14,0.8,12,1,1,54.1,175,180,,PZ,PZ,,,
2521,GALLETA AVENA ALMENDRA STEVIA 50G,,GALLETAS,ACTIVO,3,ESCOBEDO,,,,,,,1,1,14,0.8,14,1,1,11.69,175,180,,PZ,PZ,,,
1896,GALLETA AVENA ALMENDRAS STEVIA 250 GRAMOS,,GALLETAS,ACTIVO,3,ESCOBEDO,,,,,,,1,1,14,0.8,12,1,1,48.37,175,180,,PZ,PZ,,,
1895,GALLETA AVENA ARANDANO STEVIA 250 GRAMOS,,GALLETAS,ACTIVO,3,ESCOBEDO,,,,,,,1,1,14,0.8,12,1,1,48.37,175,180,,PZ,PZ,,,
2520,GALLETA AVENA ARANDANO STEVIA 50 G,,GALLETAS,ACTIVO,3,ESCOBEDO,,,,,,,1,1,14,0.8,14,1,1,11.69,175,180,,PZ,PZ,,,
396,GALLETAS CHOCOCHIPS 250G DMEALS,,GALLETAS,ACTIVO,3,ESCOBEDO,,,,,,,1,1,14,0.8,1,1,1,26.5,360,365,,pz,pz,,,
478,GALLETAS CHOCOVAINILLAS DMEALS 250G,Slow Mover,GALLETAS,ACTIVO,3,ESCOBEDO,,,,,,,1,1,14,0.8,1,1,1,27,360,365,,pz,pz,,,
2452,GALLETAS DE ARROZ INTEGRAL 100 G,,GALLETAS,ACTIVO,3,ESCOBEDO,,,,,,,1,1,14,0.8,1,1,1,16.4,360,365,,PZ,PZ,,,
2451,GALLETAS DE ARROZ INTEGRAL CON CHIA Y QUINOA 100 G,,GALLETAS,ACTIVO,3,ESCOBEDO,,,,,,,1,1,14,0.8,1,1,1,18.7,360,365,,PZ,PZ,,,
596,GALLETAS DE NUEZ DMEALS 250 G.,,GALLETAS,ACTIVO,3,ESCOBEDO,,,,,,,1,1,14,0.8,1,1,1,26.5,360,365,,pz,pz,,,
475,GALLETAS SURTIDAS DMEALS 250G.,,GALLETAS,ACTIVO,3,ESCOBEDO,,,,,,,1,1,14,0.8,1,1,1,27,360,365,,pz,pz,,,
2211,GAVELLITAS DMEALS 100G,Slow Mover,GALLETAS,ACTIVO,3,ESCOBEDO,,,,,,,1,1,14,0.8,1,1,1,18,360,365,,PZ,PZ,,,
2212,KANELINNIS DMEALS 100G,,GALLETAS,ACTIVO,3,ESCOBEDO,,,,,,,1,1,14,0.8,1,1,1,18,360,365,,PZ,PZ,,,
1648,LA FUENTE GALLETA AVENA NUEZ STEVIA 50GR,,GALLETAS,ACTIVO,3,ESCOBEDO,,,,,,,1,1,14,0.8,14,1,1,11.69,175,180,,PZ,PZ,,,
1482,LA FUENTE GALLETAS AVENA NUEZ STEVIA 250GR,,GALLETAS,ACTIVO,3,ESCOBEDO,,,,,,,1,1,14,0.8,12,1,1,48.37,175,180,,PZ,PZ,,,
2216,LA FUENTE GALLETAS COCOA STEVIA 300GR,,GALLETAS,ACTIVO,3,ESCOBEDO,,,,,,,1,1,14,0.8,12,1,1,48.37,175,180,,PZ,PZ,,,
2123,NUWA ALMENDRA CACAO,,GALLETAS,ACTIVO,3,ESCOBEDO,,,,,,,1,1,14,0.8,8,1,1,12.5,360,365,,PZ,PZ,,,
2122,NUWA COCO ALMENDRA,,GALLETAS,ACTIVO,3,ESCOBEDO,,,,,,,1,1,14,0.8,8,1,1,12.5,360,365,,PZ,PZ,,,
2121,NUWA QUINOA PISTACHE,,GALLETAS,ACTIVO,3,ESCOBEDO,,,,,,,1,1,14,0.8,8,1,1,12.5,360,365,,PZ,PZ,,,
586,OREJITAS DMEALS 250 G.,,GALLETAS,ACTIVO,3,ESCOBEDO,,,,,,,1,1,14,0.8,1,1,1,28,360,365,,pz,pz,,,
1450,TAIFIELDS GALLETAS CHISPAS CHOCOLATE LIGHT 220GR,,GALLETAS,ACTIVO,3,ESCOBEDO,,,,,,,1,1,14,0.8,1,1,1,40,360,365,,PZ,PZ,,,
1449,TAIFIELDS GALLETAS SURTIDAS LIGHT 170GR,,GALLETAS,ACTIVO,3,ESCOBEDO,,,,,,,1,1,14,0.8,1,1,1,33,360,365,,PZ,PZ,,,
397,TARTALETAS SABOR FRESA 250G DMEALS,,GALLETAS,ACTIVO,3,ESCOBEDO,,,,,,,1,1,14,0.8,1,1,1,26.5,360,365,,pz,pz,,,
1367,CARLOS V CHOCOLATE 17G,,DULCES,ACTIVO,3,ESCOBEDO,,,,,,,1,1,14,0.8,10,1,1,11.54,175,180,,PZ,PZ,,,
1446,CHOCO ZERO BARRA 22GR,,DULCES,ACTIVO,3,ESCOBEDO,,,,,,,1,1,14,0.8,12,1,1,12.31,360,365,,PZ,PZ,,,
1447,CHOCO ZERO LECHE BARRA 22GR,,DULCES,ACTIVO,3,ESCOBEDO,,,,,,,1,1,14,0.8,12,1,1,12.31,360,365,,PZ,PZ,,,
64,GALLETA BROWNIE LIGHT 30GR,,DULCES,ACTIVO,3,ESCOBEDO,,,,,,,1,1,14,0.8,10,1,1,6,360,365,,Un,Un,,,
2179,GOMITA SIN AZUCAR SABOR MARCA DELOU FRUTALES,,DULCES,ACTIVO,3,ESCOBEDO,,,,,,,1,1,14,0.8,1,1,1,26.29,235,240,,,,,,
2139,GOMITAS  DE FRESA ENCHILADA DELOU,,DULCES,ACTIVO,3,ESCOBEDO,,,,,,,1,1,14,0.8,1,1,1,26.29,235,240,,PZ,PZ,,,
2336,GOMITAS ARITOS DE DURAZNO DELOU,,DULCES,ACTIVO,3,ESCOBEDO,,,,,,,1,1,14,0.8,1,1,1,26.29,235,240,,PZ,PZ,,,
2412,HERSHEYS ZERO CON ALMENDRAS 15G,,DULCES,ACTIVO,3,ESCOBEDO,,,,,,,1,1,14,0.8,10,1,1,16.99,175,180,,PZ,PZ,,,
2310,HERSHEYS ZERO SUGAR 17G,,DULCES,ACTIVO,3,ESCOBEDO,,,,,,,1,1,14,0.8,10,1,1,16.99,175,180,,PZ,PZ,,,
413,LARÍN 19G DE NESTLE,,DULCES,ACTIVO,3,ESCOBEDO,,,,,,,1,1,14,0.8,15,1,1,16.18,175,180,,pz,pz,,,
726,MAZAPÁN CACAHUATE DE LA ROSA 26 G,,DULCES,ACTIVO,3,ESCOBEDO,,,,,,,1,1,14,0.8,18,1,1,7.04,360,365,,pz,pz,,,
548,MAZAPÁN CACAHUATE PIRHÚAN 45G.,,DULCES,ACTIVO,3,ESCOBEDO,,,,,,,1,1,14,0.8,12,1,1,7.64,535,540,,pz,pz,,,
554,MAZAPÁN DE ALMENDRA PIRHUÁN 26G.,,DULCES,ACTIVO,3,ESCOBEDO,,,,,,,1,1,14,0.8,12,1,1,12.48,535,540,,pz,pz,,,
590,MAZAPÁN DE NUEZ PIRHUÁN 26G.,,DULCES,ACTIVO,3,ESCOBEDO,,,,,,,1,1,14,0.8,12,1,1,12.48,535,540,,pz,pz,,,
2079,MERENGUE NAPOLITANO DELOU,,DULCES,ACTIVO,3,ESCOBEDO,,,,,,,1,1,14,0.8,1,1,1,22.9,235,240,,pz,pz,,,
667,MINI PALANQUETA CACAHUATE PIRHUÁN 23G.,,DULCES,ACTIVO,3,ESCOBEDO,,,,,,,1,1,14,0.8,1,1,1,10.07,235,240,,pz,pz,,,
668,MINI PALANQUETA DE PEPITA PIRHUÁN 23G.,,DULCES,ACTIVO,3,ESCOBEDO,,,,,,,1,1,14,0.8,1,1,1,10.88,235,240,,pz,pz,,,
2164,MINI SNACK PICARD 15GR,,DULCES,ACTIVO,3,ESCOBEDO,,,,,,,1,1,14,0.8,12,1,1,11.55,295,300,,PZ,PZ,,,
1588,NUBITS TAMARINDO 30GR,,DULCES,ACTIVO,3,ESCOBEDO,,,,,,,1,1,14,0.8,10,1,1,10.5,360,365,,pz,pz,,,
2078,OBLEA CREMA CACAHUATE DELOU,Slow Mover,DULCES,ACTIVO,3,ESCOBEDO,,,,,,,1,1,14,0.8,1,1,1,22.17,235,240,,PZ,PZ,,,
1444,PICARD MINI SNACK 180GR,,DULCES,ACTIVO,3,ESCOBEDO,,,,,,,1,1,14,0.8,12,1,1,82.78,295,300,,PZ,PZ,,,
728,PULPARINDO SIN AZUCAR PZA,,DULCES,ACTIVO,3,ESCOBEDO,,,,,,,1,1,14,0.8,20,1,1,5.01,360,365,,pz,pz,,,
41,SEVILLANAS GLORIA SIN AZUCAR 90GR,,DULCES,ACTIVO,3,ESCOBEDO,,,,,,,1,1,14,0.8,1,1,1,49.58,360,365,,Un,Un,,,
1148,SEVILLANAS MINI OBLEAS SUGAR FREE 60GR,,DULCES,ACTIVO,3,ESCOBEDO,,,,,,,1,1,14,0.8,1,1,1,26.46,360,365,,BOLSA C 6,BOLSA C 6,,,
2309,TURIN ZERO 18G,,DULCES,ACTIVO,3,ESCOBEDO,,,,,,,1,1,14,0.8,18,1,1,16.93,175,180,,PZ,PZ,,,
2446,TURIN ZERO CON ALMENDRA 18GR,,DULCES,ACTIVO,3,ESCOBEDO,,,,,,,1,1,14,0.8,18,1,1,17.04,175,180,,PZ,PZ,,,
176,Dex4 50 Naranja,Slow Mover,COMPLEMENTOS,ACTIVO,3,ESCOBEDO,,,,,,,1,1,14,0.8,1,1,1,65,360,365,,pz,pz,,,
1676,LIVANA PARA HORNEAR 150GR,ND,COMPLEMENTOS,ACTIVO,3,ESCOBEDO,,,,,,,1,1,14,0.8,1,1,1,51.08,360,365,,PIEZA,PIEZA,,,
2495,PROBIÓTICOS Y PREBIÓTICOS MASTICABLES TAB 30 IMMUNIS,,COMPLEMENTOS,ACTIVO,3,ESCOBEDO,,,,,,,1,1,14,0.8,1,1,1,79.99,360,365,,PZ,PZ,,,
2272,TORTILLA AMARILLA DELGADITA DOÑA GELITA 50 PZS,ND,COMPLEMENTOS,ACTIVO,3,ESCOBEDO,,,,,,,1,1,14,0.8,1,1,1,21,25,30,,PZ,PZ,,,
2271,TORTILLA BLANCA DELGADITA DOÑA GELITA 50 PZS,,COMPLEMENTOS,ACTIVO,3,ESCOBEDO,,,,,,,1,1,14,0.8,1,1,1,21,25,30,,PZ,PZ,,,
2491,TORTILLA DE MAIZ AMARILLA MISSION LIGERAS 50 PZAS,Slow Mover,COMPLEMENTOS,ACTIVO,3,ESCOBEDO,,,,,,,1,1,14,0.8,1,1,1,21.5,25,30,,PZ,PZ,,,
2490,TORTILLA DE MAIZ MISSION LIGERAS 50 PZAS,,COMPLEMENTOS,ACTIVO,3,ESCOBEDO,,,,,,,1,1,14,0.8,1,1,1,21.5,25,30,,PZ,PZ,,,
2444,TOSTADAS HORNEADAS CUADRADITAS AJONJOLI 220GR,,COMPLEMENTOS,ACTIVO,3,ESCOBEDO,,,,,,,1,1,14,0.8,1,1,1,33,115,120,,PZ,PZ,,,
2445,TOSTADAS HORNEADAS CUADRADITAS NOPAL 220GR,,COMPLEMENTOS,ACTIVO,3,ESCOBEDO,,,,,,,1,1,14,0.8,1,1,1,33,115,120,,PZ,PZ,,,
441,AVENA INST. GRANVITA MIEL CON NUEZ,,SUSTITUTOS,ACTIVO,3,ESCOBEDO,,,,,,,1,1,14,0.8,30,1,1,6,360,365,,pz,pz,,,
1894,BISQUET AVENA ARANDANO STEVIA 320 GRAMOS,,SUSTITUTOS,ACTIVO,3,ESCOBEDO,,,,,,,1,1,14,0.8,1,1,1,46.55,40,45,,PZ,PZ,,,
1893,BISQUET AVENA PASAS STEVIA 320 GRAMOS,,SUSTITUTOS,ACTIVO,3,ESCOBEDO,,,,,,,1,1,14,0.8,1,1,1,56.59,40,45,,PZ,PZ,,,
2518,BISQUET AVENA PASAS Y NUEZ STEVIA 80G,ND,SUSTITUTOS,ACTIVO,3,ESCOBEDO,,,,,,,1,1,14,0.8,1,1,1,17.33,40,45,,PZ,PZ,,,
2228,BISQUET AVENA STEVIA 320 GRAMOS,,SUSTITUTOS,ACTIVO,3,ESCOBEDO,,,,,,,1,1,14,0.8,1,1,1,56.59,40,45,,PZ,PZ,,,
2517,BISQUET AVENA STEVIA 80G,,SUSTITUTOS,ACTIVO,3,ESCOBEDO,,,,,,,1,1,14,0.8,1,1,1,17.33,40,45,,PZ,PZ,,,
703,BISQUET INT PASAS Y NUEZ LA FUENTE 320GR,ND,SUSTITUTOS,ACTIVO,3,ESCOBEDO,,,,,,,1,1,14,0.8,0,1,1,33.2,0,0,,pz,pz,,,
704,BISQUET INT PASAS Y NUEZ LA FUENTE 80GR,Slow Mover,SUSTITUTOS,ACTIVO,3,ESCOBEDO,,,,,,,1,1,14,0.8,0,1,1,9.55,0,0,,pz,pz,,,
2209,BISQUET INT PASAS Y NUEZ LA FUENTE STEVIA 80GR,,SUSTITUTOS,ACTIVO,3,ESCOBEDO,,,,,,,1,1,14,0.8,1,1,1,16.55,40,45,,PZ,PZ,,,
2208,BISQUET INT PASAS Y NUEZ STEVIA LA FUENTE 320GR,,SUSTITUTOS,ACTIVO,3,ESCOBEDO,,,,,,,1,1,14,0.8,1,1,1,51.36,40,45,,PZ,PZ,,,
1477,BISQUET INTEG LA FUENTE ARANDANO STEVIA 80 GR,,SUSTITUTOS,ACTIVO,3,ESCOBEDO,,,,,,,1,1,14,0.8,1,1,1,14.2,40,45,,pz,pz,,,
1476,BISQUET INTEG LA FUENTE ARANDANOS STEVIA 320 GR,,SUSTITUTOS,ACTIVO,3,ESCOBEDO,,,,,,,1,1,14,0.8,1,1,1,56.59,40,45,,pz,pz,,,
701,BISQUET INTEGRAL LA FUENTE 320GR,ND,SUSTITUTOS,ACTIVO,3,ESCOBEDO,,,,,,,1,1,14,0.8,0,1,1,41.4,0,0,,pz,pz,,,
702,BISQUET INTEGRAL LA FUENTE 80GR,ND,SUSTITUTOS,ACTIVO,3,ESCOBEDO,,,,,,,1,1,14,0.8,0,1,1,9.55,0,0,,pz,pz,,,
816,BISQUET INTEGRAL LA FUENTE STEVIA 320GR,,SUSTITUTOS,ACTIVO,3,ESCOBEDO,,,,,,,1,1,14,0.8,1,1,1,56.59,40,45,,UN,UN,,,
815,BISQUET INTEGRAL LA FUENTE STEVIA 80GR,Slow Mover,SUSTITUTOS,ACTIVO,3,ESCOBEDO,,,,,,,1,1,14,0.8,1,1,1,11.39,40,45,,UN,UN,,,
2047,BISQUET VEGANO 320 GR,,SUSTITUTOS,ACTIVO,3,ESCOBEDO,,,,,,,1,1,14,0.8,1,1,1,61.99,40,45,,pz,pz,,,
2149,BISQUETS VEGANOS DUO PACK,,SUSTITUTOS,ACTIVO,3,ESCOBEDO,,,,,,,1,1,14,0.8,1,1,1,33.51,40,45,,PZ,PZ,,,
542,CAJA AVENA INSTANTANEA VARIOS SABORES,,SUSTITUTOS,ACTIVO,3,ESCOBEDO,,,,,,,1,1,14,0.8,12,1,1,39,360,365,,pz,pz,,,
2511,CAJETA SIN AZUCAR PIRHUAN 340G,,SUSTITUTOS,ACTIVO,3,ESCOBEDO,,,,,,,1,1,14,0.8,1,1,1,79.71,360,365,,pza,pza,,,
2131,CDA DIP DE TAMARINDO 285 GRS,,SUSTITUTOS,ACTIVO,3,ESCOBEDO,,,,,,,1,1,14,0.8,1,1,1,45,175,180,,PZ,PZ,,,
1342,CDA FLOR DE SAL 70GR,,SUSTITUTOS,ACTIVO,3,ESCOBEDO,,,,,,,1,1,14,0.8,1,1,1,35.5,360,365,,PZ,PZ,,,
1343,CDA FLOR DE SAL ALBAHACA 70GR,Slow Mover,SUSTITUTOS,ACTIVO,3,ESCOBEDO,,,,,,,1,1,14,0.8,1,1,1,35.5,360,365,,PZ,PZ,,,
1663,CDA FLOR DE SAL CAMPIRANO 60GR,Slow Mover,SUSTITUTOS,ACTIVO,3,ESCOBEDO,,,,,,,1,1,14,0.8,1,1,1,35.5,360,365,,pz,pz,,,
1440,CDA FLOR DE SAL JAMAICA 70GR,Slow Mover,SUSTITUTOS,ACTIVO,3,ESCOBEDO,,,,,,,1,1,14,0.8,1,1,1,35.5,360,365,,pz,pz,,,
1664,CDA FLOR DE SAL MEDITERRANEO 70GR,Slow Mover,SUSTITUTOS,ACTIVO,3,ESCOBEDO,,,,,,,1,1,14,0.8,1,1,1,35.5,360,365,,PZ,PZ,,,
2051,CHAMOY CDA 250 GR,,SUSTITUTOS,ACTIVO,3,ESCOBEDO,,,,,,,1,1,14,0.8,1,1,1,45,360,365,,PZ,PZ,,,
2050,CHAMOY CDA 600GR,,SUSTITUTOS,ACTIVO,3,ESCOBEDO,,,,,,,1,1,14,0.8,1,1,1,98,360,365,,PZ,PZ,,,
2161,CHOCOLATE KEKUA TABLETA 40 GR,,SUSTITUTOS,ACTIVO,3,ESCOBEDO,,,,,,,1,1,14,0.8,1,1,1,19.2,360,365,,PZ,PZ,,,
2385,CHURRITOS NOPALIA CHILE-LIMON 80GR,,SUSTITUTOS,ACTIVO,3,ESCOBEDO,,,,,,,1,1,14,0.8,24,1,1,12.32,360,365,,PZ,PZ,,,
2386,CHURRITOS NOPALIA CHIPOTLE 80 GR,,SUSTITUTOS,ACTIVO,3,ESCOBEDO,,,,,,,1,1,14,0.8,24,1,1,12.32,360,365,,PZ,PZ,,,
2425,CHURRITOS NOPALIA DRAGÓN 80G,,SUSTITUTOS,ACTIVO,3,ESCOBEDO,,,,,,,1,1,14,0.8,24,1,1,13.42,360,365,,PZ,PZ,,,
2387,CHURRITOS NOPALIA HABANERO 80 GR,,SUSTITUTOS,ACTIVO,3,ESCOBEDO,,,,,,,1,1,14,0.8,24,1,1,12.32,360,365,,PZ,PZ,,,
655,CREMA DE AVELLANA TASTY 350GR,,SUSTITUTOS,ACTIVO,3,ESCOBEDO,,,,,,,1,1,14,0.8,12,1,1,73.41,360,365,,pz,pz,,,
409,Crema de Cacahuate 310g Tasty,,SUSTITUTOS,ACTIVO,3,ESCOBEDO,,,,,,,1,1,14,0.8,12,1,1,55.93,360,365,,pz,pz,,,
2494,ENDULZANTE XILINAT 454 GRS,,SUSTITUTOS,ACTIVO,3,ESCOBEDO,,,,,,,1,1,14,0.8,1,1,1,113,360,365,,PZ,PZ,,,
2589,ENDULZANTE XILINAT BOLSA C/20 SOBRES ,ND,SUSTITUTOS,ACTIVO,3,ESCOBEDO,,,,,,,1,1,14,0.8,1,1,1,40,360,365,,PZ,PZ,,,
808,GRANOLA GRANVITA 0% 350G,,SUSTITUTOS,ACTIVO,3,ESCOBEDO,,,,,,,1,1,14,0.8,1,1,1,44.63,360,365,,,,,,
640,GRANOLA TÍA OFILIA 310G.,,SUSTITUTOS,ACTIVO,3,ESCOBEDO,,,,,,,1,1,14,0.8,1,1,1,66,360,365,,pz,pz,,,
2262,GREENSOME SAZONADOR 250GR,Slow Mover,SUSTITUTOS,ACTIVO,3,ESCOBEDO,,,,,,,1,1,14,0.8,1,1,1,68.25,175,180,,PIEZA,PIEZA,,,
392,HARINA PARA HOT CAKES 500G DMEALS,ND,SUSTITUTOS,ACTIVO,3,ESCOBEDO,,,,,,,1,1,14,0.8,0,1,1,25,0,0,,pz,pz,,,
2527,HARINA PARA HOT CAKES CON CANELA 400GR,,SUSTITUTOS,ACTIVO,3,ESCOBEDO,,,,,,,1,1,14,0.8,1,1,1,38.5,360,365,,PZ,PZ,,,
2500,HARINA PARA HOTCAKES DE ARROZ Y AMARANTO 500G,,SUSTITUTOS,ACTIVO,3,ESCOBEDO,,,,,,,1,1,14,0.8,1,1,1,44.66,360,365,,PZ,PZ,,,
1587,LIVANA SUSTITUTO DE AZUCAR 40GR,,SUSTITUTOS,ACTIVO,3,ESCOBEDO,,,,,,,1,1,14,0.8,1,1,1,23.42,360,365,,CAJA,CAJA,,,
1557,LIVANA SUSTITUTO DE AZUCAR 75G,,SUSTITUTOS,ACTIVO,3,ESCOBEDO,,,,,,,1,1,14,0.8,1,1,1,44.1,360,365,,PZA,PZA,,,
449,Mermelada de Fresa Tasty 355g,,SUSTITUTOS,ACTIVO,3,ESCOBEDO,,,,,,,1,1,14,0.8,12,1,1,47.6,360,365,,pz,pz,,,
639,MIEL DE AGAVE TÍA OFILIA 330G.,,SUSTITUTOS,ACTIVO,3,ESCOBEDO,,,,,,,1,1,14,0.8,1,1,1,56,360,365,,pz,pz,,,
693,MIEL DE AGAVE TÍA OFILIA 660G,,SUSTITUTOS,ACTIVO,3,ESCOBEDO,,,,,,,1,1,14,0.8,1,1,1,90,360,365,,pz,pz,,,
794,SEVILLANAS CAJETA SUGAR FREE 360G,ND,SUSTITUTOS,ACTIVO,3,ESCOBEDO,,,,,,,1,1,14,0.8,0,1,1,65,0,0,,pz,pz,,,
410,SUST DE SAL 105G TASTY,,SUSTITUTOS,ACTIVO,3,ESCOBEDO,,,,,,,1,1,14,0.8,1,1,1,20.8,360,365,,pz,pz,,,
2261,CDA MALTEADA NUTRITIVA SABOR NATURAL 500G,ND,SUPLEMENTOS,ACTIVO,3,ESCOBEDO,,,,,,,1,1,14,0.8,1,1,1,250,360,365,,PIEZA,PIEZA,,,
2005,CDA SUPER FOODS CHIA JAMAICA 200G,,SUPLEMENTOS,ACTIVO,3,ESCOBEDO,,,,,,,1,1,14,0.8,1,1,1,55,360,365,,PIEZA,PIEZA,,,
1768,CDA SUPER FOODS CHIA LIMON 200G,,SUPLEMENTOS,ACTIVO,3,ESCOBEDO,,,,,,,1,1,14,0.8,1,1,1,58,360,365,,PIEZA,PIEZA,,,
1764,CDA SUPER FOODS CURCUMA 100G,,SUPLEMENTOS,ACTIVO,3,ESCOBEDO,,,,,,,1,1,14,0.8,1,1,1,45,360,365,,PIEZA,PIEZA,,,
1766,CDA SUPER FOODS FIBRA 250G,,SUPLEMENTOS,ACTIVO,3,ESCOBEDO,,,,,,,1,1,14,0.8,1,1,1,45,360,365,,PIEZA,PIEZA,,,
1765,CDA SUPER FOODS JENGIBRE 100G,Slow Mover,SUPLEMENTOS,ACTIVO,3,ESCOBEDO,,,,,,,1,1,14,0.8,1,1,1,45,360,365,,PIEZA,PIEZA,,,
1767,CDA SUPER FOODS JUGO VERDE 250G,,SUPLEMENTOS,ACTIVO,3,ESCOBEDO,,,,,,,1,1,14,0.8,1,1,1,55,360,365,,PIEZA,PIEZA,,,
2006,CDA SUPER FOODS LIMONADA 200G,,SUPLEMENTOS,ACTIVO,3,ESCOBEDO,,,,,,,1,1,14,0.8,1,1,1,50,360,365,,PIEZA,PIEZA,,,
2195,CDA SUPER FOODS PEPINO LIMON VITAMINADO,,SUPLEMENTOS,ACTIVO,3,ESCOBEDO,,,,,,,1,1,14,0.8,1,1,1,60,360,365,,1,1,,,
2185,CDA SUPER FOODS PIÑA VITAMINADO,,SUPLEMENTOS,ACTIVO,3,ESCOBEDO,,,,,,,1,1,14,0.8,1,1,1,60,360,365,,PZ,PZ,,,
2260,CDA SUPER FOODS UVA 200G,,SUPLEMENTOS,ACTIVO,3,ESCOBEDO,,,,,,,1,1,14,0.8,1,1,1,55,360,365,,,,,,
1913,CDA SUPLEMENTO CDA CHOCOLATE LIQUIDO 237ML,,SUPLEMENTOS,ACTIVO,3,ESCOBEDO,,,,,,,1,1,14,0.8,16,1,1,23.5,360,365,,PZ,PZ,,,
1911,CDA SUPLEMENTO CDA FRESA LIQUIDO 237ML,,SUPLEMENTOS,ACTIVO,3,ESCOBEDO,,,,,,,1,1,14,0.8,16,1,1,23.5,360,365,,PZ,PZ,,,
1912,CDA SUPLEMENTO CDA VAINILLA LIQUIDO 237ML,,SUPLEMENTOS,ACTIVO,3,ESCOBEDO,,,,,,,1,1,14,0.8,16,1,1,23.5,360,365,,PZ,PZ,,,
1898,CDA SUPLEMENTO CHOCOLATE 400G,,SUPLEMENTOS,ACTIVO,3,ESCOBEDO,,,,,,,1,1,14,0.8,9,1,1,121.9,360,365,,PZ,PZ,,,
1897,CDA SUPLEMENTO FRESA 400G,,SUPLEMENTOS,ACTIVO,3,ESCOBEDO,,,,,,,1,1,14,0.8,9,1,1,121.9,360,365,,PZ,PZ,,,
1899,CDA SUPLEMENTO VAINILLA 400G,,SUPLEMENTOS,ACTIVO,3,ESCOBEDO,,,,,,,1,1,14,0.8,9,1,1,121.9,360,365,,PZ,PZ,,,
2307,ABASAGLAR KWIKPEN 100U/ML C/1 SOL INY,,MEDICINAS,ACTIVO,3,ESCOBEDO,,,,,,,1,1,14,0.8,1,1,1,339.43,335,365,,PZ,PZ,,,
2314,ABASAGLAR KWIKPEN 100U/ML C/5 SOL INY,Slow Mover,MEDICINAS,ACTIVO,3,ESCOBEDO,,,,,,,1,1,14,0.8,1,1,1,1192,335,365,,PZ,PZ,,,
930,ALDERAN LOSARTAN 50MG 30TAB.,ND,MEDICINAS,ACTIVO,3,ESCOBEDO,,,,,,,1,1,14,0.8,1,1,1,25,335,365,,PZ,PZ,,,
1562,ALPHARMA  METFORMINA 850 MG C/30 TABS,,MEDICINAS,ACTIVO,3,ESCOBEDO,,,,,,,1,1,14,0.8,1,1,1,13.49,335,365,,PZ,PZ,,,
1839,ALPHARMA METFORMINA LP 500 MG C/30 TABS,,MEDICINAS,ACTIVO,3,ESCOBEDO,,,,,,,1,1,14,0.8,1,1,1,97.7,335,365,,pz,pz,,,
2021,ALPHARMA METFORMINA LP 750 MG CJA TAB 30,,MEDICINAS,ACTIVO,3,ESCOBEDO,,,,,,,1,1,14,0.8,1,1,1,60.82,335,365,,,,,,
2218,ALPHARMA MICONAZOL CREMA 20G,,MEDICINAS,ACTIVO,3,ESCOBEDO,,,,,,,1,1,14,0.8,1,1,1,9.43,335,365,,PZ,PZ,,,
2408,ALPHARMA TELMISARTAN 40MG 28TAB,,MEDICINAS,ACTIVO,3,ESCOBEDO,,,,,,,1,1,14,0.8,1,1,1,45.9,335,365,,PZ,PZ,,,
2183,AMSA DIOSMINA/HESPERIDINA 450/50MG TAB 20,ND,MEDICINAS,ACTIVO,3,ESCOBEDO,,,,,,,1,1,14,0.8,1,1,1,59.63,335,365,,PZ,PZ,,,
1524,AMSA INSULINA ISOFANA NPH 100 UDS,,MEDICINAS,ACTIVO,3,ESCOBEDO,,,,,,,1,1,14,0.8,1,1,1,113.65,335,365,,pzs,pzs,,,
928,AMSA METFORMINA 850MG 30TAB,,MEDICINAS,ACTIVO,3,ESCOBEDO,,,,,,,1,1,14,0.8,1,1,1,15.38,335,365,,PZ,PZ,,,
1551,AMSA PREGABALINA 150MG 14 CAPSULAS,,MEDICINAS,ACTIVO,3,ESCOBEDO,,,,,,,1,1,14,0.8,1,1,1,62.1,335,365,,PZ,PZ,,,
1550,AMSA PREGABALINA 75 MG 14 CAPSULAS,,MEDICINAS,ACTIVO,3,ESCOBEDO,,,,,,,1,1,14,0.8,1,1,1,25.62,335,365,,PZ,PZ,,,
2464,APOTEX METFORMINA LP 500 MG 60 TABS,,MEDICINAS,ACTIVO,3,ESCOBEDO,,,,,,,1,1,14,0.8,1,1,1,114.88,335,365,,PIEZA,PIEZA,,,
2369,APOTEX METFORMINA LP 750 MG C/30 TAB,,MEDICINAS,ACTIVO,3,ESCOBEDO,,,,,,,1,1,14,0.8,1,1,1,62.06,335,365,,PZ,PZ,,,
2381,APOTEX MICONAZOL CREMA 20G,,MEDICINAS,ACTIVO,3,ESCOBEDO,,,,,,,1,1,14,0.8,1,1,1,15.31,335,365,,PZ,PZ,,,
1945,ASPITAK-P 100 MG TAB 30,,MEDICINAS,ACTIVO,3,ESCOBEDO,,,,,,,1,1,14,0.8,1,1,1,20.47,335,365,,PZA,PZA,,,
2196,AVIVIA PHARMA (TELMISARTAN) 40MG 30 TABS,ND,MEDICINAS,ACTIVO,3,ESCOBEDO,,,,,,,1,1,14,0.8,1,1,1,53.91,335,365,,PZ,PZ,,,
1939,BIFAREN 30 TABS 200MG,,MEDICINAS,ACTIVO,3,ESCOBEDO,,,,,,,1,1,14,0.8,1,1,1,22.33,335,365,,PZ,PZ,,,
2168,BIONAFIL 10MG 30 TAB (ENALAPRIL),ND,MEDICINAS,ACTIVO,3,ESCOBEDO,,,,,,,1,1,14,0.8,1,1,1,12,335,365,,PZ,PZ,,,
2510,BONGLIXAN INSULINA GLARGINA VIAL 10ML 100UI ML,ND,MEDICINAS,ACTIVO,3,ESCOBEDO,,,,,,,1,1,14,0.8,1,1,1,344,335,365,,pza,pza,,,
2317,BRUNADOL 300/275 MG TAB 10,,MEDICINAS,ACTIVO,3,ESCOBEDO,,,,,,,1,1,14,0.8,1,1,1,22.54,335,365,,PIEZA,PIEZA,,,
2129,CDA ATORVASTATINA 20MG 10TAB,,MEDICINAS,ACTIVO,3,ESCOBEDO,,,,,,,1,1,14,0.8,240,1,1,20.6,335,365,,PZ,PZ,,,
919,CO-TARSAN 100MG/12.5MG 15 COMPRIMIDOS,,MEDICINAS,ACTIVO,3,ESCOBEDO,,,,,,,1,1,14,0.8,1,1,1,98,335,365,,,,,,
920,CO-TARSAN 50.0MG/12.5MG 15 COMPRIMIDOS,,MEDICINAS,ACTIVO,3,ESCOBEDO,,,,,,,1,1,14,0.8,1,1,1,49.06,335,365,,,,,,
2485,COLPRADIN 10 MG 30 TABS ,Slow Mover,MEDICINAS,ACTIVO,3,ESCOBEDO,,,,,,,1,1,14,0.8,1,1,1,17.18,335,365,,PZ,PZ,,,
2497,COMPLEJO B DIAB 100/5/.05MG C/30 TABS,,MEDICINAS,ACTIVO,3,ESCOBEDO,,,,,,,1,1,14,0.8,1,1,1,42.31,335,365,,PZ,PZ,,,
917,ENOVAL ENALAPRIL 10MG 30 TABLETAS,,MEDICINAS,ACTIVO,3,ESCOBEDO,,,,,,,1,1,14,0.8,1,1,1,8.66,335,365,,PZ,PZ,,,
1532,ERBITRAX 250MG 28 TABS,Slow Mover,MEDICINAS,ACTIVO,3,ESCOBEDO,,,,,,,1,1,14,0.8,1,1,1,135.25,335,365,,PZ,PZ,,,
1043,FICONAX 1GR 30 TAB,,MEDICINAS,ACTIVO,3,ESCOBEDO,,,,,,,1,1,14,0.8,1,1,1,118.59,335,365,,UN,UN,,,
269,FICONAX 30 TABS 850MG,Slow Mover,MEDICINAS,ACTIVO,3,ESCOBEDO,,,,,,,1,1,14,0.8,1,1,1,84.71,335,365,,pz,pz,,,
2498,FIRIALTA 10MG 28 TAB,Slow Mover,MEDICINAS,ACTIVO,3,ESCOBEDO,,,,,,,1,1,14,0.8,1,1,1,1227.39,335,365,,PZ,PZ,,,
2499,FIRIALTA 20MG 28 TAB,ND,MEDICINAS,ACTIVO,3,ESCOBEDO,,,,,,,1,1,14,0.8,1,1,1,1227.39,335,365,,PZ,PZ,,,
2460,FORXIGA 10 MG 14 TABS,,MEDICINAS,ACTIVO,3,ESCOBEDO,,,,,,,1,1,14,0.8,1,1,1,405,335,365,,PZ,PZ,,,
2459,FORXIGA 10 MG 28 TABS,,MEDICINAS,ACTIVO,3,ESCOBEDO,,,,,,,1,1,14,0.8,1,1,1,810,335,365,,PZ,PZ,,,
2000,GALACTUS INSULINA GLARGINA PLUMA 5 CARTUCHOS 3ML,,MEDICINAS,ACTIVO,3,ESCOBEDO,,,,,,,1,1,14,0.8,1,1,1,796.69,335,365,,PIEZA,PIEZA,,,
1772,GALACTUS INSULINA GLARGINA PLUMA CARTUCHO 3ML,,MEDICINAS,ACTIVO,3,ESCOBEDO,,,,,,,1,1,14,0.8,1,1,1,212.45,335,365,,PIEZA,PIEZA,,,
1773,GALACTUS INSULINA GLARGINA VIAL 10ML,Slow Mover,MEDICINAS,ACTIVO,3,ESCOBEDO,,,,,,,1,1,14,0.8,1,1,1,442.22,335,365,,PIEZA,PIEZA,,,
1708,GELMICIN CREMA 40GR,Slow Mover,MEDICINAS,ACTIVO,3,ESCOBEDO,,,,,,,1,1,14,0.8,1,1,1,12.79,335,365,,PIEZA,PIEZA,,,
1165,GLIOZAC PIOGLITAZONA 15MG 7 TAB,,MEDICINAS,ACTIVO,3,ESCOBEDO,,,,,,,1,1,14,0.8,1,1,1,19.4,335,365,,PZ,PZ,,,
2019,HIDROCLOROTIAZIDA 25 MG TAB 20,,MEDICINAS,ACTIVO,3,ESCOBEDO,,,,,,,1,1,14,0.8,1,1,1,11.76,335,365,,PZ,PZ,,,
1044,INSULEX N VIAL 10ML,Slow Mover,MEDICINAS,ACTIVO,3,ESCOBEDO,,,,,,,1,1,14,0.8,1,1,1,240.96,335,365,,PZ,PZ,,,
1099,INSULEX R VIAL 10ML,Slow Mover,MEDICINAS,ACTIVO,3,ESCOBEDO,,,,,,,1,1,14,0.8,1,1,1,240.96,335,365,,PZ,PZ,,,
341,JANUMET 28 COMP 50/500MG,,MEDICINAS,ACTIVO,3,ESCOBEDO,,,,,,,1,1,14,0.8,1,1,1,447.38,335,365,,pz,pz,,,
241,JANUMET 50/1000MG 56 TAB,ND,MEDICINAS,ACTIVO,3,ESCOBEDO,,,,,,,1,1,14,0.8,1,1,1,650,335,365,,pz,pz,,,
544,JANUMET 50/850 mg 28 comprimidos,,MEDICINAS,ACTIVO,3,ESCOBEDO,,,,,,,1,1,14,0.8,1,1,1,380,335,365,,pz,pz,,,
1034,JANUMET XR 14 TAB 100/1000MG,Slow Mover,MEDICINAS,ACTIVO,3,ESCOBEDO,,,,,,,1,1,14,0.8,1,1,1,395,335,365,,UN,UN,,,
963,JANUVIA 14 COMPR 100MG,,MEDICINAS,ACTIVO,3,ESCOBEDO,,,,,,,1,1,14,0.8,1,1,1,450,335,365,,PZ,PZ,,,
2292,JARDIANZ 25 MG TAB 30,Slow Mover,MEDICINAS,ACTIVO,3,ESCOBEDO,,,,,,,1,1,14,0.8,1,1,1,2054.78,335,365,,PZ,PZ,,,
1942,JARDIANZ DPP 5/25MG TAB 30,Slow Mover,MEDICINAS,ACTIVO,3,ESCOBEDO,,,,,,,1,1,14,0.8,1,1,1,3016.63,335,365,,PZA,PZA,,,
1941,JARDIANZ DUO 12.5/1000MG TAB 30,,MEDICINAS,ACTIVO,3,ESCOBEDO,,,,,,,1,1,14,0.8,1,1,1,1130.76,335,365,,PZA,PZA,,,
1940,JARDIANZ DUO 12.5/850MG TAB 30,,MEDICINAS,ACTIVO,3,ESCOBEDO,,,,,,,1,1,14,0.8,1,1,1,1130.76,335,365,,PZA,PZA,,,
2134,LEVERSTAT 30 TABS 50MG ,,MEDICINAS,ACTIVO,3,ESCOBEDO,,,,,,,1,1,14,0.8,1,1,1,13.59,335,365,,PZ,PZ,,,
2311,MAFENA GEL TUBO C/60G 1.16 G/100 G,ND,MEDICINAS,ACTIVO,3,ESCOBEDO,,,,,,,1,1,14,0.8,1,1,1,27.07,335,365,,PZ,PZ,,,
2469,MAVER DIOSMINA/HESPERIDINA 450 MG - 50 MG C/20 TABS,ND,MEDICINAS,ACTIVO,3,ESCOBEDO,,,,,,,1,1,14,0.8,1,1,1,56.25,335,365,,PZ,PZ,,,
2388,MEDLEY GLIMEPIRIDA 2MG 30 TABLETAS,Slow Mover,MEDICINAS,ACTIVO,3,ESCOBEDO,,,,,,,1,1,14,0.8,1,1,1,27,335,365,,PIEZA,PIEZA,,,
1544,NIPRESOL METOPROLOL 100MG 20 TABLETAS,,MEDICINAS,ACTIVO,3,ESCOBEDO,,,,,,,1,1,14,0.8,1,1,1,12.5,335,365,,PZ,PZ,,,
388,NOVORAPID FLEXPEN 100U/ML,Slow Mover,MEDICINAS,ACTIVO,3,ESCOBEDO,,,,,,,1,1,14,0.8,1,1,1,344.9,335,365,,pz,pz,,,
2136,OLAVAC 10MG TAB30 (ENALAPRIL),ND,MEDICINAS,ACTIVO,3,ESCOBEDO,,,,,,,1,1,14,0.8,1,1,1,6.4,335,365,,,,,,
1504,OMEGA 3 SALMON DE ALASKA 30 CAPSULAS,,MEDICINAS,ACTIVO,3,ESCOBEDO,,,,,,,1,1,14,0.8,1,1,1,71.5,335,365,,pz,pz,,,
2084,OZEMPIC 0.25MG,ND,MEDICINAS,ACTIVO,3,ESCOBEDO,,,,,,,1,1,14,0.8,1,1,1,3514.66,335,365,,pz,pz,,,
2454,OZEMPIC 1MG,ND,MEDICINAS,ACTIVO,3,ESCOBEDO,,,,,,,1,1,14,0.8,1,1,1,4767.94,335,365,,PZ,PZ,,,
2137,PIOGLITAZONA 15 MG TAB 7,ND,MEDICINAS,ACTIVO,3,ESCOBEDO,,,,,,,1,1,14,0.8,1,1,1,14.4,335,365,,PZ,PZ,,,
1340,PRASIVER 10MG 30 TABS,ND,MEDICINAS,ACTIVO,3,ESCOBEDO,,,,,,,1,1,14,0.8,1,1,1,45.94,335,365,,pz,pz,,,
1072,PRESLOPIN 10 TABS 5MG,ND,MEDICINAS,ACTIVO,3,ESCOBEDO,,,,,,,1,1,14,0.8,1,1,1,6.87,335,365,,UN,UN,,,
2486,PRESLOPIN 5 MG 30 TABS,,MEDICINAS,ACTIVO,3,ESCOBEDO,,,,,,,1,1,14,0.8,1,1,1,10.13,335,365,,PZ,PZ,,,
2099,PUNAB 50MG TAB 30 LOSARTÁN,Slow Mover,MEDICINAS,ACTIVO,3,ESCOBEDO,,,,,,,1,1,14,0.8,1,1,1,12.8,335,365,,PZ,PZ,,,
2413,ROVEMAX DIOSMINA/HESPERIDINA 450/50MG C/20 TABLETAS,,MEDICINAS,ACTIVO,3,ESCOBEDO,,,,,,,1,1,14,0.8,1,1,1,60.28,335,365,,PZ,PZ,,,
2349,RYBELSUS TAB 3MG CAJA C/30,Slow Mover,MEDICINAS,ACTIVO,3,ESCOBEDO,,,,,,,1,1,14,0.8,1,1,1,1949.36,335,365,,PZ,PZ,,,
2350,RYBELSUS TAB 7MG CAJA C/30,Slow Mover,MEDICINAS,ACTIVO,3,ESCOBEDO,,,,,,,1,1,14,0.8,1,1,1,3248.95,335,365,,PZ,PZ,,,
817,RYZODEG FLEXTOUCH INY,ND,MEDICINAS,ACTIVO,3,ESCOBEDO,,,,,,,1,1,14,0.8,1,1,1,673.54,335,365,,PZ,PZ,,,
1418,SHOT B COMPLEJO B 30 TABS,,MEDICINAS,ACTIVO,3,ESCOBEDO,,,,,,,1,1,14,0.8,1,1,1,181.77,335,365,,pz,pz,,,
1362,SILKA MEDIC 15 GR,ND,MEDICINAS,ACTIVO,3,ESCOBEDO,,,,,,,1,1,14,0.8,0,1,1,59.2,0,0,,PZ,PZ,,,
2256,SOLIQUA 100 U/ML + 33MCG/ML 1 PLUMA,ND,MEDICINAS,ACTIVO,3,ESCOBEDO,,,,,,,1,1,14,0.8,1,1,1,838.69,335,365,,PZ,PZ,,,
2257,SOLIQUA 100 U/ML+50 MCG/ML 1 PLUMA,ND,MEDICINAS,ACTIVO,3,ESCOBEDO,,,,,,,1,1,14,0.8,1,1,1,852.05,335,365,,PZ,PZ,,,
2457,TERLISGEN 250MG C/30 TAB,ND,MEDICINAS,ACTIVO,3,ESCOBEDO,,,,,,,1,1,14,0.8,0,1,1,61.16,0,0,,PZ,PZ,,,
1531,TOUJEO 450 UN/1.5ML C/1,ND,MEDICINAS,ACTIVO,3,ESCOBEDO,,,,,,,1,1,14,0.8,1,1,1,607.92,335,365,,PZ,PZ,,,
1530,TOUJEO 450 UN/1.5ML C/3,ND,MEDICINAS,ACTIVO,3,ESCOBEDO,,,,,,,1,1,14,0.8,1,1,1,1647.26,335,365,,PZ,PZ,,,
629,TRESIBA FLEXTOUCH PLUMA CON 3ML.,Slow Mover,MEDICINAS,ACTIVO,3,ESCOBEDO,,,,,,,1,1,14,0.8,1,1,1,795.13,335,365,,pz,pz,,,
915,TRIBEDOCE 100MG/5MG/50MCG,,MEDICINAS,ACTIVO,3,ESCOBEDO,,,,,,,1,1,14,0.8,1,1,1,24.15,335,365,,,,,,
2524,ULTRA AMLODIPINO 5 MG 30 TABS,ND,MEDICINAS,ACTIVO,3,ESCOBEDO,,,,,,,1,1,14,0.8,1,1,1,12.26,335,365,,PZ,PZ,,,
1707,ULTRA CAPTOPRIL 25MG 30 TABLETAS,Slow Mover,MEDICINAS,ACTIVO,3,ESCOBEDO,,,,,,,1,1,14,0.8,1,1,1,8.95,335,365,,PIEZA,PIEZA,,,
1345,ULTRA TELMISARTAN 40MG 30TAB,,MEDICINAS,ACTIVO,3,ESCOBEDO,,,,,,,1,1,14,0.8,1,1,1,54.11,335,365,,PZ,PZ,,,
2492,ULTRA VILDAGLIPTINA/METFORMINA 50/850MG TAB 30,,MEDICINAS,ACTIVO,3,ESCOBEDO,,,,,,,1,1,14,0.8,1,1,1,204.68,335,365,,PZ,PZ,,,
1365,UNESIA UNGUENTO ANTIMICOTICO 20GR,,MEDICINAS,ACTIVO,3,ESCOBEDO,,,,,,,1,1,14,0.8,1,1,1,79.2,335,365,,PZ,PZ,,,
1502,WERMY GABAPENTINA 300MG 15 CAPSULAS,,MEDICINAS,ACTIVO,3,ESCOBEDO,,,,,,,1,1,14,0.8,1,1,1,24.46,335,365,,PZ,PZ,,,
1516,XIGDUO XR 10MMG/1000MG 28 TABLETAS,,MEDICINAS,ACTIVO,3,ESCOBEDO,,,,,,,1,1,14,0.8,1,1,1,1195.73,335,365,,PZ,PZ,,,
1392,XIGDUO XR 14 TABS 10MG/1000MG,,MEDICINAS,ACTIVO,3,ESCOBEDO,,,,,,,1,1,14,0.8,1,1,1,684,335,365,,PZ,PZ,,,
2312,XULTOPHY FLEXTOUCH 100 U/ML 3X3 ML,ND,MEDICINAS,ACTIVO,3,ESCOBEDO,,,,,,,1,1,14,0.8,1,1,1,2708.11,335,365,,PZ,PZ,,,
2255,XULTOPHY FLEXTOUCH U/ML 1X3 ML,ND,MEDICINAS,ACTIVO,3,ESCOBEDO,,,,,,,1,1,14,0.8,1,1,1,1128.19,335,365,,PZ,PZ,,,
1797,ZUKEDIB GLIMEPIRIDA 2MG 30 TABLETAS,,MEDICINAS,ACTIVO,3,ESCOBEDO,,,,,,,1,1,14,0.8,1,1,1,48,335,365,,pz,pz,,,
1753,ZUKEDIB GLIMEPIRIDA 4MG 30 TABLETAS,,MEDICINAS,ACTIVO,3,ESCOBEDO,,,,,,,1,1,14,0.8,1,1,1,42.9,335,365,,CAJA,CAJA,,,
1546,AGUA CDA 1000 ML,,BEBIDAS,ACTIVO,3,ESCOBEDO,,,,,,,1,1,14,0.8,15,1,1,7.5,0,0,,PZA,PZA,,,
697,AGUA CDA 500ML,,BEBIDAS,ACTIVO,3,ESCOBEDO,,,,,,,1,1,14,0.8,24,1,1,5.5,0,0,,pz,pz,,,
1384,CDA TE COLAGENO 150 G,Slow Mover,BEBIDAS,ACTIVO,3,ESCOBEDO,,,,,,,1,1,14,0.8,1,1,1,115,360,365,,PZ,PZ,,,
2165,CDA TE DE COLAGENO 300GRS,Slow Mover,BEBIDAS,ACTIVO,3,ESCOBEDO,,,,,,,1,1,14,0.8,1,1,1,230,360,365,,PZ,PZ,,,
2233,SUEROX ADULTO 8IONES FRESA KIWI 630 ML,,BEBIDAS,ACTIVO,3,ESCOBEDO,,,,,,,1,1,14,0.8,12,1,1,14.21,360,365,,PZ,PZ,,,
2025,SUEROX ADULTO 8IONES LIMA LIMON 630 ML,,BEBIDAS,ACTIVO,3,ESCOBEDO,,,,,,,1,1,14,0.8,12,1,1,14.21,360,365,,PZ,PZ,,,
2144,SUEROX ADULTO 8IONES MORA AZUL 630 ML,,BEBIDAS,ACTIVO,3,ESCOBEDO,,,,,,,1,1,14,0.8,12,1,1,14.21,360,365,,,,,,
2026,SUEROX ADULTO 8IONES UVA 630 ML,,BEBIDAS,ACTIVO,3,ESCOBEDO,,,,,,,1,1,14,0.8,12,1,1,14.21,360,365,,PZ,PZ,,,
2046,ALCOHOL ETILICO 70°,ND,INSUMOS,ACTIVO,3,ESCOBEDO,,,,,,,1,1,14,0.8,0,1,1,95,0,0,,pz,pz,,,
343,ALCOHOL PROTEC / LAS CAÑITAS 1L ,,INSUMOS,ACTIVO,3,ESCOBEDO,,,,,,,1,1,14,0.8,1,1,1,38,360,365,,pz,pz,,,
2286,APLICADORES DE MADERA 40 PIEZAS,ND,INSUMOS,ACTIVO,3,ESCOBEDO,,,,,,,1,1,14,0.8,1,1,1,6.46,360,365,,,,,,
1135,BATAS DESECHABLES C/10,,INSUMOS,ACTIVO,3,ESCOBEDO,,,,,,,1,1,14,0.8,1,1,1,120,360,365,,BLS,BLS,,,
1523,BD JERINGAS PARA INSULINA INSUMO C/30,ND,INSUMOS,ACTIVO,3,ESCOBEDO,,,,,,,1,1,14,0.8,0,1,1,0,0,0,,CAJA,CAJA,,,
195,BD PLASTIPAK JERINGA NEGRA 22 X 32 3ML C/100,Slow Mover,INSUMOS,ACTIVO,3,ESCOBEDO,,,,,,,1,1,14,0.8,1,1,1,197.26,360,365,,CAJA,CAJA,,,
293,BD PLASTIPAK TERUMO JERINGA CELESTE 23GX25MM 3ML C/100,,INSUMOS,ACTIVO,3,ESCOBEDO,,,,,,,1,1,14,0.8,1,1,1,143,360,365,,pz,pz,,,
2115,BD VACUTAINER 22*38 NEGRA C/100 ,ND,INSUMOS,ACTIVO,3,ESCOBEDO,,,,,,,1,1,14,0.8,1,1,1,344.83,360,365,,CAJA,CAJA,,,
510,BD VACUTAINER TUBO LILA 4ML C/100,,INSUMOS,ACTIVO,3,ESCOBEDO,,,,,,,1,1,14,0.8,1,1,1,243,360,365,,pz,pz,,,
536,BD VACUTAINER TUBO ROJO C/100,,INSUMOS,ACTIVO,3,ESCOBEDO,,,,,,,1,1,14,0.8,1,1,1,220,360,365,,pz,pz,,,
1426,BOLSA CAMISETA PAQUETE,ND,INSUMOS,ACTIVO,3,ESCOBEDO,,,,,,,1,1,14,0.8,0,1,1,27.09,0,0,,PAQ,PAQ,,,
1427,BOLSA ROLLO ,ND,INSUMOS,ACTIVO,3,ESCOBEDO,,,,,,,1,1,14,0.8,0,1,1,61.67,0,0,,ROLLO,ROLLO,,,
1152,C MEDICAL PAPEL ELECTRO 214MM X 27M,Slow Mover,INSUMOS,ACTIVO,3,ESCOBEDO,,,,,,,1,1,14,0.8,1,1,1,90,360,365,,PZ,PZ,,,
1489,CDA CAPSICUM INSUMO,Slow Mover,INSUMOS,ACTIVO,3,ESCOBEDO,,,,,,,1,1,14,0.8,0,1,1,0,0,0,,PZ,PZ,,,
1460,CDA CREMA 2A INSUMO,Slow Mover,INSUMOS,ACTIVO,3,ESCOBEDO,,,,,,,1,1,14,0.8,0,1,1,0,0,0,,PZ,PZ,,,
2278,CDA CREMA DIABECAZ 300ML INSUMO,Slow Mover,INSUMOS,ACTIVO,3,ESCOBEDO,,,,,,,1,1,14,0.8,0,1,1,0,0,0,,PZ,PZ,,,
1461,CDA FRESH SPRAY INSUMO,ND,INSUMOS,ACTIVO,3,ESCOBEDO,,,,,,,1,1,14,0.8,0,1,1,0,0,0,,PZ,PZ,,,
1462,CDA UREA 40 INSUMO,ND,INSUMOS,ACTIVO,3,ESCOBEDO,,,,,,,1,1,14,0.8,0,1,1,0,0,0,,PZ,PZ,,,
1162,COPA PARA MUESTRA,ND,INSUMOS,ACTIVO,3,ESCOBEDO,,,,,,,1,1,14,0.8,0,1,1,77.94,0,0,,PZ,PZ,,,
2279,CVITAL BD ULTRA FINE JERINGA INSULINA 31GX6MM .5ML C/10 INSUMO,Slow Mover,INSUMOS,ACTIVO,3,ESCOBEDO,,,,,,,1,1,14,0.8,0,1,1,0,0,0,,PZ,PZ,,,
2280,CVITAL BD ULTRA FINE JERINGA INSULINA 31GX6MM 1ML C/10 INSUMO,ND,INSUMOS,ACTIVO,3,ESCOBEDO,,,,,,,1,1,14,0.8,0,1,1,0,0,0,,PZ,PZ,,,
2281,CVITAL PROXALIN PLUS 10 TABLETAS INSUMO,ND,INSUMOS,ACTIVO,3,ESCOBEDO,,,,,,,1,1,14,0.8,0,1,1,0,0,0,,PZ,PZ,,,
2282,CVITAL ULTRA CAPTOPRIL 25MG 30 TABLETAS INSUMO,ND,INSUMOS,ACTIVO,3,ESCOBEDO,,,,,,,1,1,14,0.8,0,1,1,0,0,0,,PZ,PZ,,,
1542,D-10 HEMOGLOBINA A1C PROGR REOR,Slow Mover,INSUMOS,ACTIVO,3,ESCOBEDO,,,,,,,1,1,14,0.8,1,1,1,18966,360,365,,PZA,PZA,,,
1647,DCA ADVANTAGE KIT REACTIVO 10 S HB1AC,Slow Mover,INSUMOS,ACTIVO,3,ESCOBEDO,,,,,,,1,1,14,0.8,1,1,1,1635,360,365,,CAJA,CAJA,,,
1451,DEX4 FRAMBUESA INSUMO,ND,INSUMOS,ACTIVO,3,ESCOBEDO,,,,,,,1,1,14,0.8,0,1,1,0,0,0,,PZ,PZ,,,
1122,DEX4 NARANJA INSUMO,Slow Mover,INSUMOS,ACTIVO,3,ESCOBEDO,,,,,,,1,1,14,0.8,0,1,1,0,0,0,,INS,INS,,,
1406,DEXTROSOL 100G,ND,INSUMOS,ACTIVO,3,ESCOBEDO,,,,,,,1,1,14,0.8,0,1,1,119,0,0,,PZ,PZ,,,
1408,DEXTROSOL 50G,ND,INSUMOS,ACTIVO,3,ESCOBEDO,,,,,,,1,1,14,0.8,0,1,1,75,0,0,,PZ,PZ,,,
1407,DEXTROSOL 75G,ND,INSUMOS,ACTIVO,3,ESCOBEDO,,,,,,,1,1,14,0.8,0,1,1,115,0,0,,PZ,PZ,,,
1125,GASAS INSUMO,ND,INSUMOS,ACTIVO,3,ESCOBEDO,,,,,,,1,1,14,0.8,0,1,1,0,0,0,,INS,INS,,,
1128,GEL CONDUCTOR,ND,INSUMOS,ACTIVO,3,ESCOBEDO,,,,,,,1,1,14,0.8,1,1,1,238,360,365,,PZ,PZ,,,
1119,GLUCOMETRO INSUMO,ND,INSUMOS,ACTIVO,3,ESCOBEDO,,,,,,,1,1,14,0.8,0,1,1,0,0,0,,INS,INS,,,
2187,GLUCOX 250ML=100GRS GLUCOSA,Slow Mover,INSUMOS,ACTIVO,3,ESCOBEDO,,,,,,,1,1,14,0.8,1,1,1,78.4,360,365,,1,1,,,
2221,GLUCOX 250ML=50GRS GLUCOSA,ND,INSUMOS,ACTIVO,3,ESCOBEDO,,,,,,,1,1,14,0.8,1,1,1,49.6,360,365,,1,1,,,
2157,GLUCOX 75GRS 250ML,Slow Mover,INSUMOS,ACTIVO,3,ESCOBEDO,,,,,,,1,1,14,0.8,1,1,1,64,360,365,,PZ,PZ,,,
1999,GREEN CARE REACTIVO KIT 10 ,ND,INSUMOS,ACTIVO,3,ESCOBEDO,,,,,,,1,1,14,0.8,1,1,1,1000,360,365,,CAJA,CAJA,,,
381,GUANTE EXPLORACIÓN LATEX NO EST CH PROTEC,,INSUMOS,ACTIVO,3,ESCOBEDO,,,,,,,1,1,14,0.8,1,1,1,180.5,360,365,,CJ,CJ,,,
202,GUANTES EXPLORACIÓN NO ESTERIL MED PROTECT,,INSUMOS,ACTIVO,3,ESCOBEDO,,,,,,,1,1,14,0.8,1,1,1,180.5,360,365,,pz,pz,,,
1563,HBA1C ELUTION BUFFER 1,Slow Mover,INSUMOS,ACTIVO,3,ESCOBEDO,,,,,,,1,1,14,0.8,1,1,1,523.2,360,365,,pz,pz,,,
1643,HOLDER ESA 1 C/100,Slow Mover,INSUMOS,ACTIVO,3,ESCOBEDO,,,,,,,1,1,14,0.8,1,1,1,83,360,365,,BOLSA,BOLSA,,,
2341,HOLDER ESA 1 C/3,ND,INSUMOS,ACTIVO,3,ESCOBEDO,,,,,,,1,1,14,0.8,1,1,1,9.33,360,365,,BOLSA,BOLSA,,,
1123,INSULEX R INSUMO,Slow Mover,INSUMOS,ACTIVO,3,ESCOBEDO,,,,,,,1,1,14,0.8,0,1,1,0,0,0,,ins,ins,,,
1121,LANCETAS INSUMO,,INSUMOS,ACTIVO,3,ESCOBEDO,,,,,,,1,1,14,0.8,0,1,1,0,0,0,,INS,INS,,,
1545,"LYPHOCHEK DIABETES CONTROL, BINIVEL, MCA. BIORAD 2 X 0.5 ML  (JUEGO DE 2 VIALES)",Slow Mover,INSUMOS,ACTIVO,3,ESCOBEDO,,,,,,,1,1,14,0.8,1,1,1,632.2,360,365,,PZA,PZA,,,
2473,MEDIDOR DE COLESTEROL,ND,INSUMOS,ACTIVO,3,ESCOBEDO,,,,,,,1,1,14,0.8,1,1,1,0.01,360,365,,PZ,PZ,,,
1124,MICRODACYN INSUMO,ND,INSUMOS,ACTIVO,3,ESCOBEDO,,,,,,,1,1,14,0.8,0,1,1,0,0,0,,INS,INS,,,
1399,NOVOFINE AGUJAS PROMO,ND,INSUMOS,ACTIVO,3,ESCOBEDO,,,,,,,1,1,14,0.8,0,1,1,0,0,0,,PROMO,PROMO,,,
533,PAPEL PARAFILM 20 IN X 15 FT,ND,INSUMOS,ACTIVO,3,ESCOBEDO,,,,,,,1,1,14,0.8,1,1,1,990,360,365,,pz,pz,,,
296,PROTEC CUBREBOCAS,Slow Mover,INSUMOS,ACTIVO,3,ESCOBEDO,,,,,,,1,1,14,0.8,1,1,1,40,360,365,,pz,pz,,,
34,PROTEC GEL ANTIBACTERIAL 1L,ND,INSUMOS,ACTIVO,3,ESCOBEDO,,,,,,,1,1,14,0.8,0,1,1,47.19,0,0,,pz,pz,,,
1134,PROTEC SABANAS DESECHABLES C/10,,INSUMOS,ACTIVO,3,ESCOBEDO,,,,,,,1,1,14,0.8,1,1,1,171,360,365,,PZ,PZ,,,
2493,PROTECT BANDITAS ADHESIVAS REDONDAS C/100,Slow Mover,INSUMOS,ACTIVO,3,ESCOBEDO,,,,,,,1,1,14,0.8,1,1,1,42.95,360,365,,PZ,PZ,,,
2259,PRUEBA DE GLICOHEMOGLOBINA CAJA C/12 PBAS,ND,INSUMOS,ACTIVO,3,ESCOBEDO,,,,,,,1,1,14,0.8,1,1,1,1635,360,365,,,,,,
2326,Puntillas para micropipeta 0.5-10 uL c/50,Slow Mover,INSUMOS,ACTIVO,3,ESCOBEDO,,,,,,,1,1,14,0.8,1,1,1,13.46,360,365,,LAB,LAB,,,
1163,Puntillas para micropipeta 100-1000 uL c/50,Slow Mover,INSUMOS,ACTIVO,3,ESCOBEDO,,,,,,,1,1,14,0.8,1,1,1,14.82,360,365,,PZ,PZ,,,
1150,SKINPROT BANDITAS ADHESIVAS REDONDAS C/100,,INSUMOS,ACTIVO,3,ESCOBEDO,,,,,,,1,1,14,0.8,1,1,1,42.95,360,365,,CJ,CJ,,,
2158,SOLUCION DE CONTROL AGAMATRIX,Slow Mover,INSUMOS,ACTIVO,3,ESCOBEDO,,,,,,,1,1,14,0.8,1,1,1,86.72,360,365,,PZ,PZ,,,
1454,TERMOMETRO NEUTEK INUSMO,ND,INSUMOS,ACTIVO,3,ESCOBEDO,,,,,,,1,1,14,0.8,0,1,1,0,0,0,,PZ,PZ,,,
2024,TIRAS COLESTEROL INSUMO,ND,INSUMOS,ACTIVO,3,ESCOBEDO,,,,,,,1,1,14,0.8,0,1,1,63.64,0,0,,CAJA,CAJA,,,
1120,TIRAS INSUMO,,INSUMOS,ACTIVO,3,ESCOBEDO,,,,,,,1,1,14,0.8,0,1,1,0,0,0,,INS,INS,,,
2474,TIRAS REACTIVAS COLESTEROL,ND,INSUMOS,ACTIVO,3,ESCOBEDO,,,,,,,1,1,14,0.8,1,1,1,0.01,360,365,,CAJA,CAJA,,,
1425,TORNIQUETE,,INSUMOS,ACTIVO,3,ESCOBEDO,,,,,,,1,1,14,0.8,1,1,1,13.64,360,365,,PZ,PZ,,,
200,TORUNDAS DE ALGODÓN 500GR PROTECT,,INSUMOS,ACTIVO,3,ESCOBEDO,,,,,,,1,1,14,0.8,1,1,1,86,360,365,,pz,pz,,,
1793,TUBO CONICO ORINA ROJO AMARILLO,Slow Mover,INSUMOS,ACTIVO,3,ESCOBEDO,,,,,,,1,1,14,0.8,1,1,1,4.6,360,365,,PZ,PZ,,,
2508,VACUETTE NIPRO AGUJA NEGRA 22G C/100,Slow Mover,INSUMOS,ACTIVO,3,ESCOBEDO,,,,,,,1,1,14,0.8,1,1,1,255,360,365,,pza,pza,,,
291,VACUETTE TUBO AZUL 3.5 ML 13 X 75,Slow Mover,INSUMOS,ACTIVO,3,ESCOBEDO,,,,,,,1,1,14,0.8,1,1,1,3.52,360,365,,pz,pz,,,
1642,VACUTEST KIMA AGUJA NEGRA 22G C/100,Slow Mover,INSUMOS,ACTIVO,3,ESCOBEDO,,,,,,,1,1,14,0.8,1,1,1,255,360,365,,CAJA,CAJA,,,
2116,VACUTETTE  MULTIPLE,ND,INSUMOS,ACTIVO,3,ESCOBEDO,,,,,,,1,1,14,0.8,1,1,1,338.44,360,365,,caja,caja,,,
1166,VASO CLINICO ESTERIL C/50,,INSUMOS,ACTIVO,3,ESCOBEDO,,,,,,,1,1,14,0.8,1,1,1,112.5,0,0,,CAJA,CAJA,,,
1847,CDA 306 CAFE 25,ND,ZAPATOS,ACTIVO,3,ESCOBEDO,,,,,,,1,1,14,0.8,1,1,1,505.5,0,0,,PAR,PAR,,,
1848,CDA 306 CAFE 25.5,ND,ZAPATOS,ACTIVO,3,ESCOBEDO,,,,,,,1,1,14,0.8,1,1,1,505.5,0,0,,PAR,PAR,,,
1849,CDA 306 CAFE 26,ND,ZAPATOS,ACTIVO,3,ESCOBEDO,,,,,,,1,1,14,0.8,1,1,1,529.5,0,0,,PAR,PAR,,,
1850,CDA 306 CAFE 26.5,ND,ZAPATOS,ACTIVO,3,ESCOBEDO,,,,,,,1,1,14,0.8,1,1,1,529.5,0,0,,PAR,PAR,,,
1851,CDA 306 CAFE 27,Slow Mover,ZAPATOS,ACTIVO,3,ESCOBEDO,,,,,,,1,1,14,0.8,1,1,1,529.5,0,0,,PAR,PAR,,,
1852,CDA 306 CAFE 27.5,Slow Mover,ZAPATOS,ACTIVO,3,ESCOBEDO,,,,,,,1,1,14,0.8,1,1,1,529.5,0,0,,PAR,PAR,,,
1853,CDA 306 CAFE 28,ND,ZAPATOS,ACTIVO,3,ESCOBEDO,,,,,,,1,1,14,0.8,1,1,1,529.5,0,0,,PAR,PAR,,,
1854,CDA 306 CAFE 28.5,Slow Mover,ZAPATOS,ACTIVO,3,ESCOBEDO,,,,,,,1,1,14,0.8,1,1,1,529.5,0,0,,PAR,PAR,,,
1855,CDA 306 CAFE 29,Slow Mover,ZAPATOS,ACTIVO,3,ESCOBEDO,,,,,,,1,1,14,0.8,1,1,1,529.5,0,0,,PAR,PAR,,,
1856,CDA 306 CAFE 29.5,ND,ZAPATOS,ACTIVO,3,ESCOBEDO,,,,,,,1,1,14,0.8,1,1,1,505.5,0,0,,PAR,PAR,,,
1857,CDA 306 CAFE 30,ND,ZAPATOS,ACTIVO,3,ESCOBEDO,,,,,,,1,1,14,0.8,1,1,1,505.5,0,0,,PAR,PAR,,,
1927,CDA 398 NEGRO 25.5,ND,ZAPATOS,ACTIVO,3,ESCOBEDO,,,,,,,1,1,14,0.8,0,1,1,505.5,0,0,,PAR,PAR,,,
1928,CDA 398 NEGRO 26,ND,ZAPATOS,ACTIVO,3,ESCOBEDO,,,,,,,1,1,14,0.8,0,1,1,505.5,0,0,,PAR,PAR,,,
1929,CDA 398 NEGRO 26.5,ND,ZAPATOS,ACTIVO,3,ESCOBEDO,,,,,,,1,1,14,0.8,0,1,1,505.5,0,0,,PAR,PAR,,,
1930,CDA 398 NEGRO 27,ND,ZAPATOS,ACTIVO,3,ESCOBEDO,,,,,,,1,1,14,0.8,0,1,1,505.5,0,0,,PAR,PAR,,,
1931,CDA 398 NEGRO 27.5,ND,ZAPATOS,ACTIVO,3,ESCOBEDO,,,,,,,1,1,14,0.8,0,1,1,505.5,0,0,,PAR,PAR,,,
1932,CDA 398 NEGRO 28,ND,ZAPATOS,ACTIVO,3,ESCOBEDO,,,,,,,1,1,14,0.8,0,1,1,505.5,0,0,,PAR,PAR,,,
1933,CDA 398 NEGRO 28.5,ND,ZAPATOS,ACTIVO,3,ESCOBEDO,,,,,,,1,1,14,0.8,0,1,1,505.5,0,0,,PAR,PAR,,,
1934,CDA 398 NEGRO 29,ND,ZAPATOS,ACTIVO,3,ESCOBEDO,,,,,,,1,1,14,0.8,0,1,1,505.5,0,0,,PAR,PAR,,,
1935,CDA 398 NEGRO 29.5,ND,ZAPATOS,ACTIVO,3,ESCOBEDO,,,,,,,1,1,14,0.8,0,1,1,505.5,0,0,,PAR,PAR,,,
1936,CDA 398 NEGRO 30,ND,ZAPATOS,ACTIVO,3,ESCOBEDO,,,,,,,1,1,14,0.8,0,1,1,505.5,0,0,,PAR,PAR,,,
2342,CDA D017 MARINO DAMA 23,Slow Mover,ZAPATOS,ACTIVO,3,ESCOBEDO,,,,,,,1,1,14,0.8,1,1,1,369.5,0,0,,PAR,PAR,,,
2343,CDA D017 MARINO DAMA 23.5,ND,ZAPATOS,ACTIVO,3,ESCOBEDO,,,,,,,1,1,14,0.8,1,1,1,369.5,0,0,,PAR,PAR,,,
2344,CDA D017 MARINO DAMA 24,Slow Mover,ZAPATOS,ACTIVO,3,ESCOBEDO,,,,,,,1,1,14,0.8,1,1,1,369.5,0,0,,PAR,PAR,,,
2345,CDA D017 MARINO DAMA 24.5,Slow Mover,ZAPATOS,ACTIVO,3,ESCOBEDO,,,,,,,1,1,14,0.8,1,1,1,369.5,0,0,,PAR,PAR,,,
2346,CDA D017 MARINO DAMA 25,Slow Mover,ZAPATOS,ACTIVO,3,ESCOBEDO,,,,,,,1,1,14,0.8,1,1,1,369.5,0,0,,PAR,PAR,,,
2347,CDA D017 MARINO DAMA 25.5,Slow Mover,ZAPATOS,ACTIVO,3,ESCOBEDO,,,,,,,1,1,14,0.8,1,1,1,369.5,0,0,,PAR,PAR,,,
2348,CDA D017 MARINO DAMA 26,Slow Mover,ZAPATOS,ACTIVO,3,ESCOBEDO,,,,,,,1,1,14,0.8,1,1,1,369.5,0,0,,PAR,PAR,,,
1917,T1003 BLANCO CABALLERO CDA 25.5,ND,ZAPATOS,ACTIVO,3,ESCOBEDO,,,,,,,1,1,14,0.8,1,1,1,479,0,0,,PAR,PAR,,,
1918,T1003 BLANCO CABALLERO CDA 26,ND,ZAPATOS,ACTIVO,3,ESCOBEDO,,,,,,,1,1,14,0.8,1,1,1,479,0,0,,PAR,PAR,,,
1919,T1003 BLANCO CABALLERO CDA 26.5,ND,ZAPATOS,ACTIVO,3,ESCOBEDO,,,,,,,1,1,14,0.8,1,1,1,479,0,0,,PAR,PAR,,,
1920,T1003 BLANCO CABALLERO CDA 27,ND,ZAPATOS,ACTIVO,3,ESCOBEDO,,,,,,,1,1,14,0.8,1,1,1,479,0,0,,PAR,PAR,,,
1921,T1003 BLANCO CABALLERO CDA 27.5,ND,ZAPATOS,ACTIVO,3,ESCOBEDO,,,,,,,1,1,14,0.8,1,1,1,479,0,0,,PAR,PAR,,,
1922,T1003 BLANCO CABALLERO CDA 28,ND,ZAPATOS,ACTIVO,3,ESCOBEDO,,,,,,,1,1,14,0.8,1,1,1,479,0,0,,PAR,PAR,,,
1923,T1003 BLANCO CABALLERO CDA 28.5,ND,ZAPATOS,ACTIVO,3,ESCOBEDO,,,,,,,1,1,14,0.8,1,1,1,479,0,0,,PAR,PAR,,,
1924,T1003 BLANCO CABALLERO CDA 29,ND,ZAPATOS,ACTIVO,3,ESCOBEDO,,,,,,,1,1,14,0.8,1,1,1,479,0,0,,PAR,PAR,,,
1925,T1003 BLANCO CABALLERO CDA 29.5,ND,ZAPATOS,ACTIVO,3,ESCOBEDO,,,,,,,1,1,14,0.8,1,1,1,479,0,0,,PAR,PAR,,,
1926,T1003 BLANCO CABALLERO CDA 30,ND,ZAPATOS,ACTIVO,3,ESCOBEDO,,,,,,,1,1,14,0.8,1,1,1,479,0,0,,PAR,PAR,,,
1900,T658 NEGRO DAMA CDA 22,ND,ZAPATOS,ACTIVO,3,ESCOBEDO,,,,,,,1,1,14,0.8,1,1,1,403,0,0,,PAR,PAR,,,
1901,T658 NEGRO DAMA CDA 22.5,ND,ZAPATOS,ACTIVO,3,ESCOBEDO,,,,,,,1,1,14,0.8,1,1,1,403,0,0,,PAR,PAR,,,
1902,T658 NEGRO DAMA CDA 23,Slow Mover,ZAPATOS,ACTIVO,3,ESCOBEDO,,,,,,,1,1,14,0.8,1,1,1,449.5,0,0,,PAR,PAR,,,
1903,T658 NEGRO DAMA CDA 23.5,ND,ZAPATOS,ACTIVO,3,ESCOBEDO,,,,,,,1,1,14,0.8,1,1,1,449.5,0,0,,PAR,PAR,,,
1904,T658 NEGRO DAMA CDA 24,ND,ZAPATOS,ACTIVO,3,ESCOBEDO,,,,,,,1,1,14,0.8,1,1,1,449.5,0,0,,PAR,PAR,,,
1905,T658 NEGRO DAMA CDA 24.5,ND,ZAPATOS,ACTIVO,3,ESCOBEDO,,,,,,,1,1,14,0.8,1,1,1,449.5,0,0,,PAR,PAR,,,
1906,T658 NEGRO DAMA CDA 25,Slow Mover,ZAPATOS,ACTIVO,3,ESCOBEDO,,,,,,,1,1,14,0.8,1,1,1,449.5,0,0,,PAR,PAR,,,
1907,T658 NEGRO DAMA CDA 25.5,Slow Mover,ZAPATOS,ACTIVO,3,ESCOBEDO,,,,,,,1,1,14,0.8,1,1,1,449.5,0,0,,PAR,PAR,,,
1908,T658 NEGRO DAMA CDA 26,ND,ZAPATOS,ACTIVO,3,ESCOBEDO,,,,,,,1,1,14,0.8,1,1,1,449.5,0,0,,PAR,PAR,,,
1909,T658 NEGRO DAMA CDA 26.5,ND,ZAPATOS,ACTIVO,3,ESCOBEDO,,,,,,,1,1,14,0.8,1,1,1,403,0,0,,PAR,PAR,,,
1910,T658 NEGRO DAMA CDA 27,ND,ZAPATOS,ACTIVO,3,ESCOBEDO,,,,,,,1,1,14,0.8,1,1,1,403,0,0,,PAR,PAR,,,
1784,ZAPATO 1017 NEGRO CDA 23,Slow Mover,ZAPATOS,ACTIVO,3,ESCOBEDO,,,,,,,1,1,14,0.8,1,1,1,507,0,0,,PAR,PAR,,,
1785,ZAPATO 1017 NEGRO CDA 23.5,ND,ZAPATOS,ACTIVO,3,ESCOBEDO,,,,,,,1,1,14,0.8,1,1,1,507,0,0,,PAR,PAR,,,
1786,ZAPATO 1017 NEGRO CDA 24,ND,ZAPATOS,ACTIVO,3,ESCOBEDO,,,,,,,1,1,14,0.8,1,1,1,507,0,0,,PAR,PAR,,,
1787,ZAPATO 1017 NEGRO CDA 24.5,ND,ZAPATOS,ACTIVO,3,ESCOBEDO,,,,,,,1,1,14,0.8,1,1,1,507,0,0,,PAR,PAR,,,
1788,ZAPATO 1017 NEGRO CDA 25,Slow Mover,ZAPATOS,ACTIVO,3,ESCOBEDO,,,,,,,1,1,14,0.8,1,1,1,507,0,0,,PAR,PAR,,,
1789,ZAPATO 1017 NEGRO CDA 25.5,ND,ZAPATOS,ACTIVO,3,ESCOBEDO,,,,,,,1,1,14,0.8,1,1,1,507,0,0,,PAR,PAR,,,
1790,ZAPATO 1017 NEGRO CDA 26,Slow Mover,ZAPATOS,ACTIVO,3,ESCOBEDO,,,,,,,1,1,14,0.8,1,1,1,507,0,0,,PAR,PAR,,,
1791,ZAPATO 1017 NEGRO CDA 26.5,ND,ZAPATOS,ACTIVO,3,ESCOBEDO,,,,,,,1,1,14,0.8,1,1,1,438,0,0,,PAR,PAR,,,
1792,ZAPATO 1017 NEGRO CDA 27,ND,ZAPATOS,ACTIVO,3,ESCOBEDO,,,,,,,1,1,14,0.8,1,1,1,438,0,0,,PAR,PAR,,,
1177,ZAPATO 202 CDA 22,ND,ZAPATOS,ACTIVO,3,ESCOBEDO,,,,,,,1,1,14,0.8,1,1,1,403,0,0,,PAR,PAR,,,
1178,ZAPATO 202 CDA 22.5,ND,ZAPATOS,ACTIVO,3,ESCOBEDO,,,,,,,1,1,14,0.8,1,1,1,403,0,0,,PAR,PAR,,,
1179,ZAPATO 202 CDA 23,ND,ZAPATOS,ACTIVO,3,ESCOBEDO,,,,,,,1,1,14,0.8,1,1,1,449.5,0,0,,PAR,PAR,,,
1180,ZAPATO 202 CDA 23.5,ND,ZAPATOS,ACTIVO,3,ESCOBEDO,,,,,,,1,1,14,0.8,1,1,1,449.5,0,0,,PAR,PAR,,,
1181,ZAPATO 202 CDA 24,Slow Mover,ZAPATOS,ACTIVO,3,ESCOBEDO,,,,,,,1,1,14,0.8,1,1,1,449.5,0,0,,PAR,PAR,,,
1182,ZAPATO 202 CDA 24.5,Slow Mover,ZAPATOS,ACTIVO,3,ESCOBEDO,,,,,,,1,1,14,0.8,1,1,1,449.5,0,0,,PAR,PAR,,,
1183,ZAPATO 202 CDA 25,ND,ZAPATOS,ACTIVO,3,ESCOBEDO,,,,,,,1,1,14,0.8,1,1,1,449.5,0,0,,PAR,PAR,,,
1184,ZAPATO 202 CDA 25.5,ND,ZAPATOS,ACTIVO,3,ESCOBEDO,,,,,,,1,1,14,0.8,1,1,1,449.5,0,0,,PAR,PAR,,,
1185,ZAPATO 202 CDA 26,Slow Mover,ZAPATOS,ACTIVO,3,ESCOBEDO,,,,,,,1,1,14,0.8,1,1,1,449.5,0,0,,PAR,PAR,,,
1186,ZAPATO 202 CDA 26.5,ND,ZAPATOS,ACTIVO,3,ESCOBEDO,,,,,,,1,1,14,0.8,1,1,1,403,0,0,,PAR,PAR,,,
1187,ZAPATO 202 CDA 27,ND,ZAPATOS,ACTIVO,3,ESCOBEDO,,,,,,,1,1,14,0.8,1,1,1,403,0,0,,PAR,PAR,,,
1188,ZAPATO 202 CDA 27.5,ND,ZAPATOS,ACTIVO,3,ESCOBEDO,,,,,,,1,1,14,0.8,1,1,1,403,0,0,,PAR,PAR,,,
1729,ZAPATO 206 ORO CDA 22,ND,ZAPATOS,ACTIVO,3,ESCOBEDO,,,,,,,1,1,14,0.8,1,1,1,403,0,0,,PAR,PAR,,,
1730,ZAPATO 206 ORO CDA 22.5,ND,ZAPATOS,ACTIVO,3,ESCOBEDO,,,,,,,1,1,14,0.8,1,1,1,403,0,0,,PAR,PAR,,,
1731,ZAPATO 206 ORO CDA 23,ND,ZAPATOS,ACTIVO,3,ESCOBEDO,,,,,,,1,1,14,0.8,1,1,1,449.5,0,0,,PAR,PAR,,,
1732,ZAPATO 206 ORO CDA 23.5,Slow Mover,ZAPATOS,ACTIVO,3,ESCOBEDO,,,,,,,1,1,14,0.8,1,1,1,449.5,0,0,,PAR,PAR,,,
1733,ZAPATO 206 ORO CDA 24,ND,ZAPATOS,ACTIVO,3,ESCOBEDO,,,,,,,1,1,14,0.8,1,1,1,449.5,0,0,,PAR,PAR,,,
1734,ZAPATO 206 ORO CDA 24.5,ND,ZAPATOS,ACTIVO,3,ESCOBEDO,,,,,,,1,1,14,0.8,1,1,1,449.5,0,0,,ZAPATO CDA,ZAPATO CDA,,,
1735,ZAPATO 206 ORO CDA 25,ND,ZAPATOS,ACTIVO,3,ESCOBEDO,,,,,,,1,1,14,0.8,1,1,1,449.5,0,0,,PAR,PAR,,,
1736,ZAPATO 206 ORO CDA 25.5,ND,ZAPATOS,ACTIVO,3,ESCOBEDO,,,,,,,1,1,14,0.8,1,1,1,449.5,0,0,,PAR,PAR,,,
1737,ZAPATO 206 ORO CDA 26,Slow Mover,ZAPATOS,ACTIVO,3,ESCOBEDO,,,,,,,1,1,14,0.8,1,1,1,449.5,0,0,,PAR,PAR,,,
1738,ZAPATO 206 ORO CDA 26.5,ND,ZAPATOS,ACTIVO,3,ESCOBEDO,,,,,,,1,1,14,0.8,1,1,1,403,0,0,,PAR,PAR,,,
1739,ZAPATO 206 ORO CDA 27,ND,ZAPATOS,ACTIVO,3,ESCOBEDO,,,,,,,1,1,14,0.8,1,1,1,403,0,0,,PAR,PAR,,,
1741,ZAPATO 306 NEGRO CDA 25,ND,ZAPATOS,ACTIVO,3,ESCOBEDO,,,,,,,1,1,14,0.8,1,1,1,505.5,0,0,,PAR,PAR,,,
1742,ZAPATO 306 NEGRO CDA 25.5,ND,ZAPATOS,ACTIVO,3,ESCOBEDO,,,,,,,1,1,14,0.8,1,1,1,505.5,0,0,,par,par,,,
1743,ZAPATO 306 NEGRO CDA 26,ND,ZAPATOS,ACTIVO,3,ESCOBEDO,,,,,,,1,1,14,0.8,1,1,1,529.5,0,0,,PAR,PAR,,,
1744,ZAPATO 306 NEGRO CDA 26.5,ND,ZAPATOS,ACTIVO,3,ESCOBEDO,,,,,,,1,1,14,0.8,1,1,1,529.5,0,0,,PAR,PAR,,,
1745,ZAPATO 306 NEGRO CDA 27,Slow Mover,ZAPATOS,ACTIVO,3,ESCOBEDO,,,,,,,1,1,14,0.8,1,1,1,529.5,0,0,,PAR,PAR,,,
1746,ZAPATO 306 NEGRO CDA 27.5,Slow Mover,ZAPATOS,ACTIVO,3,ESCOBEDO,,,,,,,1,1,14,0.8,1,1,1,529.5,0,0,,PAR,PAR,,,
1747,ZAPATO 306 NEGRO CDA 28,ND,ZAPATOS,ACTIVO,3,ESCOBEDO,,,,,,,1,1,14,0.8,1,1,1,529.5,0,0,,PAR,PAR,,,
1748,ZAPATO 306 NEGRO CDA 28.5,ND,ZAPATOS,ACTIVO,3,ESCOBEDO,,,,,,,1,1,14,0.8,1,1,1,529.5,0,0,,PAR,PAR,,,
1749,ZAPATO 306 NEGRO CDA 29,Slow Mover,ZAPATOS,ACTIVO,3,ESCOBEDO,,,,,,,1,1,14,0.8,1,1,1,529.5,0,0,,par,par,,,
1750,ZAPATO 306 NEGRO CDA 29.5,ND,ZAPATOS,ACTIVO,3,ESCOBEDO,,,,,,,1,1,14,0.8,1,1,1,505.5,0,0,,PAR,PAR,,,
1538,ZAPATO 307 CAFÉ CDA 25,ND,ZAPATOS,ACTIVO,3,ESCOBEDO,,,,,,,1,1,14,0.8,1,1,1,505.5,0,0,,PAR,PAR,,,
1515,ZAPATO 307 CAFÉ CDA 25.5,ND,ZAPATOS,ACTIVO,3,ESCOBEDO,,,,,,,1,1,14,0.8,1,1,1,505.5,0,0,,PAR,PAR,,,
1455,ZAPATO 307 CAFÉ CDA 26,ND,ZAPATOS,ACTIVO,3,ESCOBEDO,,,,,,,1,1,14,0.8,1,1,1,505.5,0,0,,PAR,PAR,,,
1456,ZAPATO 307 CAFÉ CDA 26.5,ND,ZAPATOS,ACTIVO,3,ESCOBEDO,,,,,,,1,1,14,0.8,1,1,1,505.5,0,0,,PAR,PAR,,,
1457,ZAPATO 307 CAFÉ CDA 27,ND,ZAPATOS,ACTIVO,3,ESCOBEDO,,,,,,,1,1,14,0.8,1,1,1,505.5,0,0,,PAR,PAR,,,
1458,ZAPATO 307 CAFÉ CDA 27.5,ND,ZAPATOS,ACTIVO,3,ESCOBEDO,,,,,,,1,1,14,0.8,1,1,1,505.5,0,0,,PAR,PAR,,,
1459,ZAPATO 307 CAFÉ CDA 28,ND,ZAPATOS,ACTIVO,3,ESCOBEDO,,,,,,,1,1,14,0.8,1,1,1,505.5,0,0,,PAR,PAR,,,
1506,ZAPATO 307 CAFÉ CDA 28.5,ND,ZAPATOS,ACTIVO,3,ESCOBEDO,,,,,,,1,1,14,0.8,1,1,1,505.5,0,0,,PAR,PAR,,,
1514,ZAPATO 307 CAFÉ CDA 29,ND,ZAPATOS,ACTIVO,3,ESCOBEDO,,,,,,,1,1,14,0.8,1,1,1,505.5,0,0,,PAR,PAR,,,
1527,ZAPATO 307 CAFÉ CDA 29.5,ND,ZAPATOS,ACTIVO,3,ESCOBEDO,,,,,,,1,1,14,0.8,1,1,1,505.5,0,0,,PAR,PAR,,,
1526,ZAPATO 307 CAFÉ CDA 30,ND,ZAPATOS,ACTIVO,3,ESCOBEDO,,,,,,,1,1,14,0.8,1,1,1,505.5,0,0,,PZ,PZ,,,
1269,ZAPATO 307 NEGRO CDA 25,ND,ZAPATOS,ACTIVO,3,ESCOBEDO,,,,,,,1,1,14,0.8,1,1,1,505.5,0,0,,PAR,PAR,,,
1270,ZAPATO 307 NEGRO CDA 25.5,ND,ZAPATOS,ACTIVO,3,ESCOBEDO,,,,,,,1,1,14,0.8,1,1,1,505.5,0,0,,PAR,PAR,,,
1271,ZAPATO 307 NEGRO CDA 26,Slow Mover,ZAPATOS,ACTIVO,3,ESCOBEDO,,,,,,,1,1,14,0.8,1,1,1,529.5,0,0,,PAR,PAR,,,
1272,ZAPATO 307 NEGRO CDA 26.5,Slow Mover,ZAPATOS,ACTIVO,3,ESCOBEDO,,,,,,,1,1,14,0.8,1,1,1,529.5,0,0,,PAR,PAR,,,
1273,ZAPATO 307 NEGRO CDA 27,ND,ZAPATOS,ACTIVO,3,ESCOBEDO,,,,,,,1,1,14,0.8,1,1,1,529.5,0,0,,PAR,PAR,,,
1274,ZAPATO 307 NEGRO CDA 27.5,Slow Mover,ZAPATOS,ACTIVO,3,ESCOBEDO,,,,,,,1,1,14,0.8,1,1,1,529.5,0,0,,PAR,PAR,,,
1275,ZAPATO 307 NEGRO CDA 28,Slow Mover,ZAPATOS,ACTIVO,3,ESCOBEDO,,,,,,,1,1,14,0.8,1,1,1,529.5,0,0,,PAR,PAR,,,
1276,ZAPATO 307 NEGRO CDA 28.5,Slow Mover,ZAPATOS,ACTIVO,3,ESCOBEDO,,,,,,,1,1,14,0.8,1,1,1,529.5,0,0,,PAR,PAR,,,
1277,ZAPATO 307 NEGRO CDA 29,Slow Mover,ZAPATOS,ACTIVO,3,ESCOBEDO,,,,,,,1,1,14,0.8,1,1,1,529.5,0,0,,PAR,PAR,,,
1278,ZAPATO 307 NEGRO CDA 29.5,ND,ZAPATOS,ACTIVO,3,ESCOBEDO,,,,,,,1,1,14,0.8,1,1,1,505.5,0,0,,PAR,PAR,,,
1554,ZAPATO 307 NEGRO CDA 30,ND,ZAPATOS,ACTIVO,3,ESCOBEDO,,,,,,,1,1,14,0.8,1,1,1,505.5,0,0,,PAR,PAR,,,
1553,ZAPATO 307 NEGRO CDA 31,ND,ZAPATOS,ACTIVO,3,ESCOBEDO,,,,,,,1,1,14,0.8,1,1,1,505.5,0,0,,PAR,PAR,,,
1712,ZAPATO 315 NEGRO CDA 25,ND,ZAPATOS,ACTIVO,3,ESCOBEDO,,,,,,,1,1,14,0.8,1,1,1,505.5,0,0,,PAR,PAR,,,
1713,ZAPATO 315 NEGRO CDA 25.5,ND,ZAPATOS,ACTIVO,3,ESCOBEDO,,,,,,,1,1,14,0.8,1,1,1,505.5,0,0,,PAR,PAR,,,
1714,ZAPATO 315 NEGRO CDA 26,Slow Mover,ZAPATOS,ACTIVO,3,ESCOBEDO,,,,,,,1,1,14,0.8,1,1,1,529.5,0,0,,PAR,PAR,,,
1715,ZAPATO 315 NEGRO CDA 26.5,ND,ZAPATOS,ACTIVO,3,ESCOBEDO,,,,,,,1,1,14,0.8,1,1,1,529.5,0,0,,PAR,PAR,,,
1716,ZAPATO 315 NEGRO CDA 27,Slow Mover,ZAPATOS,ACTIVO,3,ESCOBEDO,,,,,,,1,1,14,0.8,1,1,1,529.5,0,0,,PAR,PAR,,,
1717,ZAPATO 315 NEGRO CDA 27.5,Slow Mover,ZAPATOS,ACTIVO,3,ESCOBEDO,,,,,,,1,1,14,0.8,1,1,1,529.5,0,0,,PAR,PAR,,,
1718,ZAPATO 315 NEGRO CDA 28,Slow Mover,ZAPATOS,ACTIVO,3,ESCOBEDO,,,,,,,1,1,14,0.8,1,1,1,529.5,0,0,,PAR,PAR,,,
1719,ZAPATO 315 NEGRO CDA 28.5,Slow Mover,ZAPATOS,ACTIVO,3,ESCOBEDO,,,,,,,1,1,14,0.8,1,1,1,529.5,0,0,,PAR,PAR,,,
1720,ZAPATO 315 NEGRO CDA 29,ND,ZAPATOS,ACTIVO,3,ESCOBEDO,,,,,,,1,1,14,0.8,1,1,1,529.5,0,0,,PAR,PAR,,,
1721,ZAPATO 315 NEGRO CDA 29.5,ND,ZAPATOS,ACTIVO,3,ESCOBEDO,,,,,,,1,1,14,0.8,1,1,1,505.5,0,0,,PAR,PAR,,,
1289,ZAPATO 338 CDA 25,ND,ZAPATOS,ACTIVO,3,ESCOBEDO,,,,,,,1,1,14,0.8,1,1,1,505.5,0,0,,PAR,PAR,,,
1290,ZAPATO 338 CDA 25.5,ND,ZAPATOS,ACTIVO,3,ESCOBEDO,,,,,,,1,1,14,0.8,1,1,1,505.5,0,0,,PAR,PAR,,,
1291,ZAPATO 338 CDA 26,ND,ZAPATOS,ACTIVO,3,ESCOBEDO,,,,,,,1,1,14,0.8,1,1,1,505.5,0,0,,PAR,PAR,,,
1292,ZAPATO 338 CDA 26.5,Slow Mover,ZAPATOS,ACTIVO,3,ESCOBEDO,,,,,,,1,1,14,0.8,1,1,1,505.5,0,0,,PAR,PAR,,,
1293,ZAPATO 338 CDA 27,ND,ZAPATOS,ACTIVO,3,ESCOBEDO,,,,,,,1,1,14,0.8,1,1,1,505.5,0,0,,PAR,PAR,,,
1294,ZAPATO 338 CDA 27.5,ND,ZAPATOS,ACTIVO,3,ESCOBEDO,,,,,,,1,1,14,0.8,1,1,1,505.5,0,0,,PAR,PAR,,,
1295,ZAPATO 338 CDA 28,ND,ZAPATOS,ACTIVO,3,ESCOBEDO,,,,,,,1,1,14,0.8,1,1,1,505.5,0,0,,PAR,PAR,,,
1296,ZAPATO 338 CDA 28.5,Slow Mover,ZAPATOS,ACTIVO,3,ESCOBEDO,,,,,,,1,1,14,0.8,1,1,1,505.5,0,0,,PAR,PAR,,,
1297,ZAPATO 338 CDA 29,ND,ZAPATOS,ACTIVO,3,ESCOBEDO,,,,,,,1,1,14,0.8,1,1,1,505.5,0,0,,PAR,PAR,,,
1298,ZAPATO 338 CDA 29.5,ND,ZAPATOS,ACTIVO,3,ESCOBEDO,,,,,,,1,1,14,0.8,1,1,1,505.5,0,0,,PAR,PAR,,,
1775,ZAPATO 343 NEGRO CDA 25.5,ND,ZAPATOS,ACTIVO,3,ESCOBEDO,,,,,,,1,1,14,0.8,0,1,1,525.5,0,0,,PAR,PAR,,,
1776,ZAPATO 343 NEGRO CDA 26,ND,ZAPATOS,ACTIVO,3,ESCOBEDO,,,,,,,1,1,14,0.8,0,1,1,525.5,0,0,,PAR,PAR,,,
1777,ZAPATO 343 NEGRO CDA 26.5,ND,ZAPATOS,ACTIVO,3,ESCOBEDO,,,,,,,1,1,14,0.8,0,1,1,525.5,0,0,,PAR,PAR,,,
1778,ZAPATO 343 NEGRO CDA 27,ND,ZAPATOS,ACTIVO,3,ESCOBEDO,,,,,,,1,1,14,0.8,0,1,1,525.5,0,0,,PAR,PAR,,,
1779,ZAPATO 343 NEGRO CDA 27.5,ND,ZAPATOS,ACTIVO,3,ESCOBEDO,,,,,,,1,1,14,0.8,0,1,1,525.5,0,0,,PAR,PAR,,,
1780,ZAPATO 343 NEGRO CDA 28,ND,ZAPATOS,ACTIVO,3,ESCOBEDO,,,,,,,1,1,14,0.8,0,1,1,525.5,0,0,,PAR,PAR,,,
1781,ZAPATO 343 NEGRO CDA 28.5,ND,ZAPATOS,ACTIVO,3,ESCOBEDO,,,,,,,1,1,14,0.8,0,1,1,525.5,0,0,,PAR,PAR,,,
1782,ZAPATO 343 NEGRO CDA 29,ND,ZAPATOS,ACTIVO,3,ESCOBEDO,,,,,,,1,1,14,0.8,0,1,1,525.5,0,0,,PAR,PAR,,,
1783,ZAPATO 343 NEGRO CDA 29.5,ND,ZAPATOS,ACTIVO,3,ESCOBEDO,,,,,,,1,1,14,0.8,0,1,1,525.5,0,0,,PAR,PAR,,,
1892,ZAPATO 343 NEGRO CDA 30,ND,ZAPATOS,ACTIVO,3,ESCOBEDO,,,,,,,1,1,14,0.8,0,1,1,525.5,0,0,,PAR,PAR,,,
1997,ZAPATO 343 NEGRO CDA 31,ND,ZAPATOS,ACTIVO,3,ESCOBEDO,,,,,,,1,1,14,0.8,0,1,1,525,0,0,,PAR,PAR,,,
1632,ZAPATO 355 CAFÉ CDA 25,ND,ZAPATOS,ACTIVO,3,ESCOBEDO,,,,,,,1,1,14,0.8,0,1,1,492.5,0,0,,PAR,PAR,,,
1633,ZAPATO 355 CAFÉ CDA 25.5,ND,ZAPATOS,ACTIVO,3,ESCOBEDO,,,,,,,1,1,14,0.8,0,1,1,492.5,0,0,,PAR,PAR,,,
1634,ZAPATO 355 CAFÉ CDA 26 ,ND,ZAPATOS,ACTIVO,3,ESCOBEDO,,,,,,,1,1,14,0.8,0,1,1,492.5,0,0,,PAR,PAR,,,
1635,ZAPATO 355 CAFÉ CDA 26.5,ND,ZAPATOS,ACTIVO,3,ESCOBEDO,,,,,,,1,1,14,0.8,0,1,1,492.5,0,0,,PAR,PAR,,,
1636,ZAPATO 355 CAFÉ CDA 27,ND,ZAPATOS,ACTIVO,3,ESCOBEDO,,,,,,,1,1,14,0.8,0,1,1,492.5,0,0,,PAR,PAR,,,
1637,ZAPATO 355 CAFÉ CDA 27.5,ND,ZAPATOS,ACTIVO,3,ESCOBEDO,,,,,,,1,1,14,0.8,0,1,1,492.5,0,0,,PAR,PAR,,,
1638,ZAPATO 355 CAFÉ CDA 28,ND,ZAPATOS,ACTIVO,3,ESCOBEDO,,,,,,,1,1,14,0.8,0,1,1,492.5,0,0,,PAR,PAR,,,
1639,ZAPATO 355 CAFÉ CDA 28.5,ND,ZAPATOS,ACTIVO,3,ESCOBEDO,,,,,,,1,1,14,0.8,0,1,1,492.5,0,0,,PAR,PAR,,,
1640,ZAPATO 355 CAFÉ CDA 29,ND,ZAPATOS,ACTIVO,3,ESCOBEDO,,,,,,,1,1,14,0.8,0,1,1,492.5,0,0,,PAR,PAR,,,
1299,ZAPATO 355 NEGRO CDA 25,ND,ZAPATOS,ACTIVO,3,ESCOBEDO,,,,,,,1,1,14,0.8,0,1,1,505.5,0,0,,PAR,PAR,,,
1300,ZAPATO 355 NEGRO CDA 25.5,ND,ZAPATOS,ACTIVO,3,ESCOBEDO,,,,,,,1,1,14,0.8,0,1,1,505.5,0,0,,PAR,PAR,,,
1301,ZAPATO 355 NEGRO CDA 26,Slow Mover,ZAPATOS,ACTIVO,3,ESCOBEDO,,,,,,,1,1,14,0.8,1,1,1,505.5,0,0,,PAR,PAR,,,
1302,ZAPATO 355 NEGRO CDA 26.5,ND,ZAPATOS,ACTIVO,3,ESCOBEDO,,,,,,,1,1,14,0.8,1,1,1,505.5,0,0,,PAR,PAR,,,
1303,ZAPATO 355 NEGRO CDA 27,ND,ZAPATOS,ACTIVO,3,ESCOBEDO,,,,,,,1,1,14,0.8,1,1,1,505.5,0,0,,PAR,PAR,,,
1304,ZAPATO 355 NEGRO CDA 27.5,ND,ZAPATOS,ACTIVO,3,ESCOBEDO,,,,,,,1,1,14,0.8,1,1,1,505.5,0,0,,PAR,PAR,,,
1305,ZAPATO 355 NEGRO CDA 28,ND,ZAPATOS,ACTIVO,3,ESCOBEDO,,,,,,,1,1,14,0.8,1,1,1,505.5,0,0,,PAR,PAR,,,
1306,ZAPATO 355 NEGRO CDA 28.5,ND,ZAPATOS,ACTIVO,3,ESCOBEDO,,,,,,,1,1,14,0.8,1,1,1,505.5,0,0,,PAR,PAR,,,
1307,ZAPATO 355 NEGRO CDA 29,ND,ZAPATOS,ACTIVO,3,ESCOBEDO,,,,,,,1,1,14,0.8,1,1,1,505.5,0,0,,PAR,PAR,,,
1308,ZAPATO 355 NEGRO CDA 29.5,ND,ZAPATOS,ACTIVO,3,ESCOBEDO,,,,,,,1,1,14,0.8,0,1,1,505.5,0,0,,PAR,PAR,,,
1309,ZAPATO 386 CDA 25,ND,ZAPATOS,ACTIVO,3,ESCOBEDO,,,,,,,1,1,14,0.8,0,1,1,505.5,0,0,,PAR,PAR,,,
1319,ZAPATO 388 CDA 25,ND,ZAPATOS,ACTIVO,3,ESCOBEDO,,,,,,,1,1,14,0.8,0,1,1,505.5,0,0,,PAR,PAR,,,
1320,ZAPATO 388 CDA 25.5,ND,ZAPATOS,ACTIVO,3,ESCOBEDO,,,,,,,1,1,14,0.8,0,1,1,505.5,0,0,,PAR,PAR,,,
1321,ZAPATO 388 CDA 26,Slow Mover,ZAPATOS,ACTIVO,3,ESCOBEDO,,,,,,,1,1,14,0.8,1,1,1,539.5,0,0,,PAR,PAR,,,
1322,ZAPATO 388 CDA 26.5,Slow Mover,ZAPATOS,ACTIVO,3,ESCOBEDO,,,,,,,1,1,14,0.8,1,1,1,539.5,0,0,,PAR,PAR,,,
1323,ZAPATO 388 CDA 27,ND,ZAPATOS,ACTIVO,3,ESCOBEDO,,,,,,,1,1,14,0.8,1,1,1,539.5,0,0,,PAR,PAR,,,
1324,ZAPATO 388 CDA 27.5,Slow Mover,ZAPATOS,ACTIVO,3,ESCOBEDO,,,,,,,1,1,14,0.8,1,1,1,539.5,0,0,,PAR,PAR,,,
1325,ZAPATO 388 CDA 28,Slow Mover,ZAPATOS,ACTIVO,3,ESCOBEDO,,,,,,,1,1,14,0.8,1,1,1,539.5,0,0,,PAR,PAR,,,
1326,ZAPATO 388 CDA 28.5,ND,ZAPATOS,ACTIVO,3,ESCOBEDO,,,,,,,1,1,14,0.8,1,1,1,539.5,0,0,,PAR,PAR,,,
1327,ZAPATO 388 CDA 29,ND,ZAPATOS,ACTIVO,3,ESCOBEDO,,,,,,,1,1,14,0.8,1,1,1,539.5,0,0,,PAR,PAR,,,
1328,ZAPATO 388 CDA 29.5,ND,ZAPATOS,ACTIVO,3,ESCOBEDO,,,,,,,1,1,14,0.8,0,1,1,505.5,0,0,,PAR,PAR,,,
1996,ZAPATO 388 CDA 31,ND,ZAPATOS,ACTIVO,3,ESCOBEDO,,,,,,,1,1,14,0.8,0,1,1,505.5,0,0,,PAR,PAR,,,
2243,ZAPATO 3952 MAQ CDA PC 23,ND,ZAPATOS,ACTIVO,3,ESCOBEDO,,,,,,,1,1,14,0.8,0,1,1,199,0,0,,PAR,PAR,,,
2244,ZAPATO 3952 MAQ CDA PC 23.5,ND,ZAPATOS,ACTIVO,3,ESCOBEDO,,,,,,,1,1,14,0.8,0,1,1,199,0,0,,PAR,PAR,,,
2245,ZAPATO 3952 MAQ CDA PC 24,ND,ZAPATOS,ACTIVO,3,ESCOBEDO,,,,,,,1,1,14,0.8,0,1,1,199,0,0,,PAR,PAR,,,
2246,ZAPATO 3952 MAQ CDA PC 24.5,ND,ZAPATOS,ACTIVO,3,ESCOBEDO,,,,,,,1,1,14,0.8,0,1,1,199,0,0,,PAR,PAR,,,
2247,ZAPATO 3952 MAQ CDA PC 25,ND,ZAPATOS,ACTIVO,3,ESCOBEDO,,,,,,,1,1,14,0.8,0,1,1,199,0,0,,PAR,PAR,,,
1207,ZAPATO 403 CDA 25,ND,ZAPATOS,ACTIVO,3,ESCOBEDO,,,,,,,1,1,14,0.8,0,1,1,379.5,0,0,,PAR,PAR,,,
1213,ZAPATO 407 CDA 22,ND,ZAPATOS,ACTIVO,3,ESCOBEDO,,,,,,,1,1,14,0.8,0,1,1,403,0,0,,PAR,PAR,,,
1214,ZAPATO 407 CDA 22.5,ND,ZAPATOS,ACTIVO,3,ESCOBEDO,,,,,,,1,1,14,0.8,0,1,1,403,0,0,,PAR,PAR,,,
1215,ZAPATO 407 CDA 23,Slow Mover,ZAPATOS,ACTIVO,3,ESCOBEDO,,,,,,,1,1,14,0.8,1,1,1,449.5,0,0,,PAR,PAR,,,
1216,ZAPATO 407 CDA 23.5,Slow Mover,ZAPATOS,ACTIVO,3,ESCOBEDO,,,,,,,1,1,14,0.8,1,1,1,449.5,0,0,,PAR,PAR,,,
1217,ZAPATO 407 CDA 24,Slow Mover,ZAPATOS,ACTIVO,3,ESCOBEDO,,,,,,,1,1,14,0.8,1,1,1,449.5,0,0,,PAR,PAR,,,
1218,ZAPATO 407 CDA 24.5,Slow Mover,ZAPATOS,ACTIVO,3,ESCOBEDO,,,,,,,1,1,14,0.8,1,1,1,449.5,0,0,,PAR,PAR,,,
1219,ZAPATO 407 CDA 25,Slow Mover,ZAPATOS,ACTIVO,3,ESCOBEDO,,,,,,,1,1,14,0.8,1,1,1,449.5,0,0,,PAR,PAR,,,
1220,ZAPATO 407 CDA 25.5,Slow Mover,ZAPATOS,ACTIVO,3,ESCOBEDO,,,,,,,1,1,14,0.8,1,1,1,449.5,0,0,,PAR,PAR,,,
1221,ZAPATO 407 CDA 26,ND,ZAPATOS,ACTIVO,3,ESCOBEDO,,,,,,,1,1,14,0.8,1,1,1,449.5,0,0,,PAR,PAR,,,
1222,ZAPATO 407 CDA 26.5,ND,ZAPATOS,ACTIVO,3,ESCOBEDO,,,,,,,1,1,14,0.8,0,1,1,403,0,0,,PAR,PAR,,,
1223,ZAPATO 407 CDA 27,ND,ZAPATOS,ACTIVO,3,ESCOBEDO,,,,,,,1,1,14,0.8,0,1,1,403,0,0,,PAR,PAR,,,
1224,ZAPATO 407 CDA 27.5,ND,ZAPATOS,ACTIVO,3,ESCOBEDO,,,,,,,1,1,14,0.8,0,1,1,403,0,0,,PAR,PAR,,,
1225,ZAPATO 431 CDA 22,ND,ZAPATOS,ACTIVO,3,ESCOBEDO,,,,,,,1,1,14,0.8,0,1,1,403,0,0,,PAR,PAR,,,
1226,ZAPATO 431 CDA 22.5,ND,ZAPATOS,ACTIVO,3,ESCOBEDO,,,,,,,1,1,14,0.8,0,1,1,403,0,0,,PAR,PAR,,,
1227,ZAPATO 431 CDA 23,Slow Mover,ZAPATOS,ACTIVO,3,ESCOBEDO,,,,,,,1,1,14,0.8,1,1,1,449.5,0,0,,PAR,PAR,,,
1228,ZAPATO 431 CDA 23.5,ND,ZAPATOS,ACTIVO,3,ESCOBEDO,,,,,,,1,1,14,0.8,1,1,1,449.5,0,0,,PAR,PAR,,,
1229,ZAPATO 431 CDA 24,Slow Mover,ZAPATOS,ACTIVO,3,ESCOBEDO,,,,,,,1,1,14,0.8,1,1,1,449.5,0,0,,PAR,PAR,,,
1230,ZAPATO 431 CDA 24.5,Slow Mover,ZAPATOS,ACTIVO,3,ESCOBEDO,,,,,,,1,1,14,0.8,1,1,1,449.5,0,0,,PAR,PAR,,,
1231,ZAPATO 431 CDA 25,Slow Mover,ZAPATOS,ACTIVO,3,ESCOBEDO,,,,,,,1,1,14,0.8,1,1,1,449.5,0,0,,PAR,PAR,,,
1232,ZAPATO 431 CDA 25.5,Slow Mover,ZAPATOS,ACTIVO,3,ESCOBEDO,,,,,,,1,1,14,0.8,1,1,1,449.5,0,0,,PAR,PAR,,,
1233,ZAPATO 431 CDA 26,ND,ZAPATOS,ACTIVO,3,ESCOBEDO,,,,,,,1,1,14,0.8,1,1,1,449.5,0,0,,PAR,PAR,,,
1234,ZAPATO 431 CDA 26.5,ND,ZAPATOS,ACTIVO,3,ESCOBEDO,,,,,,,1,1,14,0.8,0,1,1,403,0,0,,PAR,PAR,,,
1235,ZAPATO 431 CDA 27,ND,ZAPATOS,ACTIVO,3,ESCOBEDO,,,,,,,1,1,14,0.8,0,1,1,403,0,0,,PAR,PAR,,,
1236,ZAPATO 431 CDA 27.5,ND,ZAPATOS,ACTIVO,3,ESCOBEDO,,,,,,,1,1,14,0.8,0,1,1,403,0,0,,PAR,PAR,,,
989,ZAPATO 499 MARINO CDA  25.5,ND,ZAPATOS,ACTIVO,3,ESCOBEDO,,,,,,,1,1,14,0.8,0,1,1,385.5,0,0,,PAR,PAR,,,
1058,ZAPATO 499 MARINO CDA  26,ND,ZAPATOS,ACTIVO,3,ESCOBEDO,,,,,,,1,1,14,0.8,0,1,1,385.5,0,0,,PAR,PAR,,,
1057,ZAPATO 499 MARINO CDA 23,ND,ZAPATOS,ACTIVO,3,ESCOBEDO,,,,,,,1,1,14,0.8,0,1,1,385.5,0,0,,PAR,PAR,,,
986,ZAPATO 499 MARINO CDA 23.5,ND,ZAPATOS,ACTIVO,3,ESCOBEDO,,,,,,,1,1,14,0.8,0,1,1,385.5,0,0,,PAR,PAR,,,
987,ZAPATO 499 MARINO CDA 24,ND,ZAPATOS,ACTIVO,3,ESCOBEDO,,,,,,,1,1,14,0.8,0,1,1,385.5,0,0,,PAR,PAR,,,
988,ZAPATO 499 MARINO CDA 24.5,ND,ZAPATOS,ACTIVO,3,ESCOBEDO,,,,,,,1,1,14,0.8,0,1,1,385.5,0,0,,PAR,PAR,,,
990,ZAPATO 499 MARINO CDA 25,ND,ZAPATOS,ACTIVO,3,ESCOBEDO,,,,,,,1,1,14,0.8,0,1,1,385.5,0,0,,PAR,PAR,,,
1237,ZAPATO 499 NEGRO CDA 22,ND,ZAPATOS,ACTIVO,3,ESCOBEDO,,,,,,,1,1,14,0.8,0,1,1,403,0,0,,PAR,PAR,,,
1238,ZAPATO 499 NEGRO CDA 22.5,ND,ZAPATOS,ACTIVO,3,ESCOBEDO,,,,,,,1,1,14,0.8,0,1,1,403,0,0,,PAR,PAR,,,
1239,ZAPATO 499 NEGRO CDA 23,Slow Mover,ZAPATOS,ACTIVO,3,ESCOBEDO,,,,,,,1,1,14,0.8,1,1,1,449.5,0,0,,PAR,PAR,,,
1240,ZAPATO 499 NEGRO CDA 23.5,Slow Mover,ZAPATOS,ACTIVO,3,ESCOBEDO,,,,,,,1,1,14,0.8,1,1,1,449.5,0,0,,PAR,PAR,,,
1241,ZAPATO 499 NEGRO CDA 24,Slow Mover,ZAPATOS,ACTIVO,3,ESCOBEDO,,,,,,,1,1,14,0.8,1,1,1,449.5,0,0,,PAR,PAR,,,
1242,ZAPATO 499 NEGRO CDA 24.5,Slow Mover,ZAPATOS,ACTIVO,3,ESCOBEDO,,,,,,,1,1,14,0.8,1,1,1,449.5,0,0,,PAR,PAR,,,
1243,ZAPATO 499 NEGRO CDA 25,Slow Mover,ZAPATOS,ACTIVO,3,ESCOBEDO,,,,,,,1,1,14,0.8,1,1,1,449.5,0,0,,PAR,PAR,,,
1244,ZAPATO 499 NEGRO CDA 25.5,ND,ZAPATOS,ACTIVO,3,ESCOBEDO,,,,,,,1,1,14,0.8,1,1,1,449.5,0,0,,PAR,PAR,,,
1245,ZAPATO 499 NEGRO CDA 26,Slow Mover,ZAPATOS,ACTIVO,3,ESCOBEDO,,,,,,,1,1,14,0.8,1,1,1,449.5,0,0,,PAR,PAR,,,
1246,ZAPATO 499 NEGRO CDA 26.5,ND,ZAPATOS,ACTIVO,3,ESCOBEDO,,,,,,,1,1,14,0.8,0,1,1,403,0,0,,PAR,PAR,,,
1525,ZAPATO 499 NEGRO CDA 27,ND,ZAPATOS,ACTIVO,3,ESCOBEDO,,,,,,,1,1,14,0.8,0,1,1,403,0,0,,PZ,PZ,,,
1541,ZAPATO 499 NEGRO CDA 27.5,ND,ZAPATOS,ACTIVO,3,ESCOBEDO,,,,,,,1,1,14,0.8,0,1,1,403,0,0,,PAR,PAR,,,
1247,ZAPATO 527 CDA 22,ND,ZAPATOS,ACTIVO,3,ESCOBEDO,,,,,,,1,1,14,0.8,1,1,1,403,0,0,,PAR,PAR,,,
1248,ZAPATO 527 CDA 22.5,ND,ZAPATOS,ACTIVO,3,ESCOBEDO,,,,,,,1,1,14,0.8,1,1,1,403,0,0,,PAR,PAR,,,
1249,ZAPATO 527 CDA 23,Slow Mover,ZAPATOS,ACTIVO,3,ESCOBEDO,,,,,,,1,1,14,0.8,1,1,1,449.5,0,0,,PAR,PAR,,,
1250,ZAPATO 527 CDA 23.5,ND,ZAPATOS,ACTIVO,3,ESCOBEDO,,,,,,,1,1,14,0.8,1,1,1,449.5,0,0,,PAR,PAR,,,
1251,ZAPATO 527 CDA 24,Slow Mover,ZAPATOS,ACTIVO,3,ESCOBEDO,,,,,,,1,1,14,0.8,1,1,1,449.5,0,0,,PAR,PAR,,,
1252,ZAPATO 527 CDA 24.5,Slow Mover,ZAPATOS,ACTIVO,3,ESCOBEDO,,,,,,,1,1,14,0.8,1,1,1,449.5,0,0,,PAR,PAR,,,
1253,ZAPATO 527 CDA 25,ND,ZAPATOS,ACTIVO,3,ESCOBEDO,,,,,,,1,1,14,0.8,1,1,1,449.5,0,0,,PAR,PAR,,,
1254,ZAPATO 527 CDA 25.5,Slow Mover,ZAPATOS,ACTIVO,3,ESCOBEDO,,,,,,,1,1,14,0.8,1,1,1,449.5,0,0,,PAR,PAR,,,
1255,ZAPATO 527 CDA 26,Slow Mover,ZAPATOS,ACTIVO,3,ESCOBEDO,,,,,,,1,1,14,0.8,1,1,1,449.5,0,0,,PAR,PAR,,,
1256,ZAPATO 527 CDA 26.5,ND,ZAPATOS,ACTIVO,3,ESCOBEDO,,,,,,,1,1,14,0.8,0,1,1,403,0,0,,PAR,PAR,,,
1533,ZAPATO 527 CDA 27,ND,ZAPATOS,ACTIVO,3,ESCOBEDO,,,,,,,1,1,14,0.8,0,1,1,403,0,0,,par,par,,,
1522,ZAPATO 527 CDA 27.5,ND,ZAPATOS,ACTIVO,3,ESCOBEDO,,,,,,,1,1,14,0.8,0,1,1,403,0,0,,PAR,PAR,,,
1608,ZAPATO 643 CAFÉ CDA 22,ND,ZAPATOS,ACTIVO,3,ESCOBEDO,,,,,,,1,1,14,0.8,0,1,1,382.5,0,0,,PAR,PAR,,,
1609,ZAPATO 643 CAFÉ CDA 22.5,ND,ZAPATOS,ACTIVO,3,ESCOBEDO,,,,,,,1,1,14,0.8,0,1,1,382.5,0,0,,PAR,PAR,,,
1610,ZAPATO 643 CAFÉ CDA 23,ND,ZAPATOS,ACTIVO,3,ESCOBEDO,,,,,,,1,1,14,0.8,0,1,1,382.5,0,0,,PAR,PAR,,,
1611,ZAPATO 643 CAFÉ CDA 23.5,ND,ZAPATOS,ACTIVO,3,ESCOBEDO,,,,,,,1,1,14,0.8,0,1,1,382.5,0,0,,par,par,,,
1612,ZAPATO 643 CAFÉ CDA 24 ,ND,ZAPATOS,ACTIVO,3,ESCOBEDO,,,,,,,1,1,14,0.8,0,1,1,382.5,0,0,,PAR,PAR,,,
1613,ZAPATO 643 CAFÉ CDA 24.5,ND,ZAPATOS,ACTIVO,3,ESCOBEDO,,,,,,,1,1,14,0.8,0,1,1,382.5,0,0,,par,par,,,
1614,ZAPATO 643 CAFÉ CDA 25,ND,ZAPATOS,ACTIVO,3,ESCOBEDO,,,,,,,1,1,14,0.8,0,1,1,382.5,0,0,,par,par,,,
1615,ZAPATO 643 CAFÉ CDA 25.5,ND,ZAPATOS,ACTIVO,3,ESCOBEDO,,,,,,,1,1,14,0.8,0,1,1,382.5,0,0,,PAR,PAR,,,
1616,ZAPATO 643 CAFÉ CDA 26,ND,ZAPATOS,ACTIVO,3,ESCOBEDO,,,,,,,1,1,14,0.8,0,1,1,382.5,0,0,,PAR,PAR,,,
1617,ZAPATO 643 CAFÉ CDA 26.5,ND,ZAPATOS,ACTIVO,3,ESCOBEDO,,,,,,,1,1,14,0.8,0,1,1,382.5,0,0,,PAR,PAR,,,
1618,ZAPATO 643 CAFÉ CDA 27,ND,ZAPATOS,ACTIVO,3,ESCOBEDO,,,,,,,1,1,14,0.8,0,1,1,382.5,0,0,,PAR,PAR,,,
1619,ZAPATO 643 CAFÉ CDA 27.5,ND,ZAPATOS,ACTIVO,3,ESCOBEDO,,,,,,,1,1,14,0.8,0,1,1,382.5,0,0,,PAR,PAR,,,
1620,ZAPATO 643 CAFÉ CDA 28,ND,ZAPATOS,ACTIVO,3,ESCOBEDO,,,,,,,1,1,14,0.8,0,1,1,382.5,0,0,,PAR,PAR,,,
1621,ZAPATO 643 MARINO CDA 23,ND,ZAPATOS,ACTIVO,3,ESCOBEDO,,,,,,,1,1,14,0.8,0,1,1,382.5,0,0,,PAR,PAR,,,
1622,ZAPATO 643 MARINO CDA 23.5,ND,ZAPATOS,ACTIVO,3,ESCOBEDO,,,,,,,1,1,14,0.8,0,1,1,382.5,0,0,,PAR,PAR,,,
1623,ZAPATO 643 MARINO CDA 24,ND,ZAPATOS,ACTIVO,3,ESCOBEDO,,,,,,,1,1,14,0.8,0,1,1,382.5,0,0,,PAR,PAR,,,
1624,ZAPATO 643 MARINO CDA 24.5,ND,ZAPATOS,ACTIVO,3,ESCOBEDO,,,,,,,1,1,14,0.8,0,1,1,382.5,0,0,,PAR,PAR,,,
1625,ZAPATO 643 MARINO CDA 25,ND,ZAPATOS,ACTIVO,3,ESCOBEDO,,,,,,,1,1,14,0.8,0,1,1,382.5,0,0,,PAR,PAR,,,
1626,ZAPATO 643 MARINO CDA 25.5,ND,ZAPATOS,ACTIVO,3,ESCOBEDO,,,,,,,1,1,14,0.8,0,1,1,382.5,0,0,,PAR,PAR,,,
1627,ZAPATO 643 MARINO CDA 26,ND,ZAPATOS,ACTIVO,3,ESCOBEDO,,,,,,,1,1,14,0.8,0,1,1,382.5,0,0,,PAR,PAR,,,
1628,ZAPATO 643 MARINO CDA 26.5,ND,ZAPATOS,ACTIVO,3,ESCOBEDO,,,,,,,1,1,14,0.8,0,1,1,382.5,0,0,,PAR,PAR,,,
1629,ZAPATO 643 MARINO CDA 27,ND,ZAPATOS,ACTIVO,3,ESCOBEDO,,,,,,,1,1,14,0.8,0,1,1,382.5,0,0,,PAR,PAR,,,
1630,ZAPATO 643 MARINO CDA 27.5,ND,ZAPATOS,ACTIVO,3,ESCOBEDO,,,,,,,1,1,14,0.8,0,1,1,382.5,0,0,,PAR,PAR,,,
1631,ZAPATO 643 MARINO CDA 28,ND,ZAPATOS,ACTIVO,3,ESCOBEDO,,,,,,,1,1,14,0.8,0,1,1,382.5,0,0,,PAR,PAR,,,
1597,ZAPATO 643 NEGRO CDA 22,ND,ZAPATOS,ACTIVO,3,ESCOBEDO,,,,,,,1,1,14,0.8,0,1,1,403,0,0,,PAR,PAR,,,
1598,ZAPATO 643 NEGRO CDA 22.5,ND,ZAPATOS,ACTIVO,3,ESCOBEDO,,,,,,,1,1,14,0.8,0,1,1,403,0,0,,PAR,PAR,,,
1599,ZAPATO 643 NEGRO CDA 23,Slow Mover,ZAPATOS,ACTIVO,3,ESCOBEDO,,,,,,,1,1,14,0.8,1,1,1,449.5,0,0,,PAR,PAR,,,
1600,ZAPATO 643 NEGRO CDA 23.5,ND,ZAPATOS,ACTIVO,3,ESCOBEDO,,,,,,,1,1,14,0.8,1,1,1,449.5,0,0,,PAR,PAR,,,
1601,ZAPATO 643 NEGRO CDA 24,Slow Mover,ZAPATOS,ACTIVO,3,ESCOBEDO,,,,,,,1,1,14,0.8,1,1,1,449.5,0,0,,PAR,PAR,,,
1602,ZAPATO 643 NEGRO CDA 24.5,Slow Mover,ZAPATOS,ACTIVO,3,ESCOBEDO,,,,,,,1,1,14,0.8,1,1,1,449.5,0,0,,PAR,PAR,,,
1603,ZAPATO 643 NEGRO CDA 25,ND,ZAPATOS,ACTIVO,3,ESCOBEDO,,,,,,,1,1,14,0.8,1,1,1,449.5,0,0,,PAR,PAR,,,
1604,ZAPATO 643 NEGRO CDA 25.5,ND,ZAPATOS,ACTIVO,3,ESCOBEDO,,,,,,,1,1,14,0.8,1,1,1,449.5,0,0,,PAR,PAR,,,
1605,ZAPATO 643 NEGRO CDA 26,Slow Mover,ZAPATOS,ACTIVO,3,ESCOBEDO,,,,,,,1,1,14,0.8,1,1,1,449.5,0,0,,PAR,PAR,,,
1606,ZAPATO 643 NEGRO CDA 26.5,ND,ZAPATOS,ACTIVO,3,ESCOBEDO,,,,,,,1,1,14,0.8,0,1,1,403,0,0,,PAR,PAR,,,
1607,ZAPATO 643 NEGRO CDA 27,ND,ZAPATOS,ACTIVO,3,ESCOBEDO,,,,,,,1,1,14,0.8,0,1,1,403,0,0,,PAR,PAR,,,
2007,ZAPATO 686 GRIS OXFORD CDA 22,ND,ZAPATOS,ACTIVO,3,ESCOBEDO,,,,,,,1,1,14,0.8,0,1,1,403,0,0,,PAR,PAR,,,
2008,ZAPATO 686 GRIS OXFORD CDA 22.5,ND,ZAPATOS,ACTIVO,3,ESCOBEDO,,,,,,,1,1,14,0.8,0,1,1,403,0,0,,PAR,PAR,,,
2009,ZAPATO 686 GRIS OXFORD CDA 23,ND,ZAPATOS,ACTIVO,3,ESCOBEDO,,,,,,,1,1,14,0.8,0,1,1,403,0,0,,PAR,PAR,,,
2010,ZAPATO 686 GRIS OXFORD CDA 23.5,ND,ZAPATOS,ACTIVO,3,ESCOBEDO,,,,,,,1,1,14,0.8,0,1,1,403,0,0,,PAR,PAR,,,
2011,ZAPATO 686 GRIS OXFORD CDA 24,ND,ZAPATOS,ACTIVO,3,ESCOBEDO,,,,,,,1,1,14,0.8,0,1,1,403,0,0,,PAR,PAR,,,
2012,ZAPATO 686 GRIS OXFORD CDA 24.5,ND,ZAPATOS,ACTIVO,3,ESCOBEDO,,,,,,,1,1,14,0.8,0,1,1,403,0,0,,PAR,PAR,,,
2013,ZAPATO 686 GRIS OXFORD CDA 25,ND,ZAPATOS,ACTIVO,3,ESCOBEDO,,,,,,,1,1,14,0.8,0,1,1,403,0,0,,PAR,PAR,,,
2014,ZAPATO 686 GRIS OXFORD CDA 25.5,ND,ZAPATOS,ACTIVO,3,ESCOBEDO,,,,,,,1,1,14,0.8,0,1,1,403,0,0,,PAR,PAR,,,
2015,ZAPATO 686 GRIS OXFORD CDA 26,ND,ZAPATOS,ACTIVO,3,ESCOBEDO,,,,,,,1,1,14,0.8,0,1,1,403,0,0,,PAR,PAR,,,
2016,ZAPATO 686 GRIS OXFORD CDA 26.5,ND,ZAPATOS,ACTIVO,3,ESCOBEDO,,,,,,,1,1,14,0.8,0,1,1,403,0,0,,PAR,PAR,,,
2017,ZAPATO 686 GRIS OXFORD CDA 27,ND,ZAPATOS,ACTIVO,3,ESCOBEDO,,,,,,,1,1,14,0.8,0,1,1,403,0,0,,PAR,PAR,,,
1665,ZAPATO 731 NEGRO CDA 22,ND,ZAPATOS,ACTIVO,3,ESCOBEDO,,,,,,,1,1,14,0.8,0,1,1,403,0,0,,PAR,PAR,,,
1666,ZAPATO 731 NEGRO CDA 22.5,ND,ZAPATOS,ACTIVO,3,ESCOBEDO,,,,,,,1,1,14,0.8,0,1,1,403,0,0,,PAR,PAR,,,
1667,ZAPATO 731 NEGRO CDA 23,ND,ZAPATOS,ACTIVO,3,ESCOBEDO,,,,,,,1,1,14,0.8,0,1,1,403,0,0,,PAR,PAR,,,
1668,ZAPATO 731 NEGRO CDA 23.5,ND,ZAPATOS,ACTIVO,3,ESCOBEDO,,,,,,,1,1,14,0.8,0,1,1,403,0,0,,PAR,PAR,,,
1669,ZAPATO 731 NEGRO CDA 24,ND,ZAPATOS,ACTIVO,3,ESCOBEDO,,,,,,,1,1,14,0.8,0,1,1,403,0,0,,PAR,PAR,,,
1670,ZAPATO 731 NEGRO CDA 24.5,ND,ZAPATOS,ACTIVO,3,ESCOBEDO,,,,,,,1,1,14,0.8,0,1,1,403,0,0,,PAR,PAR,,,
1671,ZAPATO 731 NEGRO CDA 25,ND,ZAPATOS,ACTIVO,3,ESCOBEDO,,,,,,,1,1,14,0.8,0,1,1,403,0,0,,PAR,PAR,,,
1672,ZAPATO 731 NEGRO CDA 25.5,ND,ZAPATOS,ACTIVO,3,ESCOBEDO,,,,,,,1,1,14,0.8,0,1,1,403,0,0,,PAR,PAR,,,
1673,ZAPATO 731 NEGRO CDA 26,ND,ZAPATOS,ACTIVO,3,ESCOBEDO,,,,,,,1,1,14,0.8,0,1,1,403,0,0,,PAR,PAR,,,
1674,ZAPATO 731 NEGRO CDA 26.5,ND,ZAPATOS,ACTIVO,3,ESCOBEDO,,,,,,,1,1,14,0.8,0,1,1,403,0,0,,PAR,PAR,,,
1675,ZAPATO 731 NEGRO CDA 27,ND,ZAPATOS,ACTIVO,3,ESCOBEDO,,,,,,,1,1,14,0.8,0,1,1,403,0,0,,PAR,PAR,,,
2248,ZAPATO 855 NEGRO CDA PC 26,ND,ZAPATOS,ACTIVO,3,ESCOBEDO,,,,,,,1,1,14,0.8,0,1,1,290,0,0,,PAR,PAR,,,
2249,ZAPATO 855 NEGRO CDA PC 26.5,ND,ZAPATOS,ACTIVO,3,ESCOBEDO,,,,,,,1,1,14,0.8,0,1,1,290,0,0,,PAR,PAR,,,
2250,ZAPATO 855 NEGRO CDA PC 27,ND,ZAPATOS,ACTIVO,3,ESCOBEDO,,,,,,,1,1,14,0.8,0,1,1,290,0,0,,PAR,PAR,,,
2251,ZAPATO 855 NEGRO CDA PC 27.5,ND,ZAPATOS,ACTIVO,3,ESCOBEDO,,,,,,,1,1,14,0.8,0,1,1,290,0,0,,PAR,PAR,,,
2252,ZAPATO 855 NEGRO CDA PC 28,ND,ZAPATOS,ACTIVO,3,ESCOBEDO,,,,,,,1,1,14,0.8,0,1,1,290,0,0,,PAR,PAR,,,
2253,ZAPATO 855 NEGRO CDA PC 28.5,ND,ZAPATOS,ACTIVO,3,ESCOBEDO,,,,,,,1,1,14,0.8,0,1,1,290,0,0,,PAR,PAR,,,
2254,ZAPATO 855 NEGRO CDA PC 29,ND,ZAPATOS,ACTIVO,3,ESCOBEDO,,,,,,,1,1,14,0.8,0,1,1,290,0,0,,PAR,PAR,,,
2039,ZAPATO 9001 DAMA NEGRO 24.5,ND,ZAPATOS,ACTIVO,3,ESCOBEDO,,,,,,,1,1,14,0.8,0,1,1,387.93,0,0,,PAR,PAR,,,
2040,ZAPATO 9001 DAMA NEGRO 25,ND,ZAPATOS,ACTIVO,3,ESCOBEDO,,,,,,,1,1,14,0.8,0,1,1,387.93,0,0,,PAR,PAR,,,
2041,ZAPATO 9001 DAMA NEGRO 25.5,ND,ZAPATOS,ACTIVO,3,ESCOBEDO,,,,,,,1,1,14,0.8,0,1,1,387.93,0,0,,PAR,PAR,,,
2042,ZAPATO 9001 DAMA NEGRO 26,ND,ZAPATOS,ACTIVO,3,ESCOBEDO,,,,,,,1,1,14,0.8,0,1,1,387.93,0,0,,PAR,PAR,,,
2037,ZAPATO 9001 DAMA NEGRO CDA 23.5,Slow Mover,ZAPATOS,ACTIVO,3,ESCOBEDO,,,,,,,1,1,14,0.8,0,1,1,387.93,0,0,,PAR,PAR,,,
2038,ZAPATO 9001 DAMA NEGRO CDA 24,Slow Mover,ZAPATOS,ACTIVO,3,ESCOBEDO,,,,,,,1,1,14,0.8,0,1,1,387.93,0,0,,PAR,PAR,,,
1654,ZAPATO B152 NEGRO CDA 25,ND,ZAPATOS,ACTIVO,3,ESCOBEDO,,,,,,,1,1,14,0.8,0,1,1,505.5,0,0,,PAR,PAR,,,
1655,ZAPATO B152 NEGRO CDA 25.5,ND,ZAPATOS,ACTIVO,3,ESCOBEDO,,,,,,,1,1,14,0.8,0,1,1,505.5,0,0,,PAR,PAR,,,
1656,ZAPATO B152 NEGRO CDA 26,ND,ZAPATOS,ACTIVO,3,ESCOBEDO,,,,,,,1,1,14,0.8,0,1,1,505.5,0,0,,PAR,PAR,,,
1657,ZAPATO B152 NEGRO CDA 26.5,ND,ZAPATOS,ACTIVO,3,ESCOBEDO,,,,,,,1,1,14,0.8,0,1,1,505.5,0,0,,PAR,PAR,,,
1658,ZAPATO B152 NEGRO CDA 27 ,ND,ZAPATOS,ACTIVO,3,ESCOBEDO,,,,,,,1,1,14,0.8,0,1,1,505.5,0,0,,PAR,PAR,,,
1659,ZAPATO B152 NEGRO CDA 27.5,ND,ZAPATOS,ACTIVO,3,ESCOBEDO,,,,,,,1,1,14,0.8,0,1,1,505.5,0,0,,PAR,PAR,,,
1660,ZAPATO B152 NEGRO CDA 28,ND,ZAPATOS,ACTIVO,3,ESCOBEDO,,,,,,,1,1,14,0.8,0,1,1,505.5,0,0,,PAR,PAR,,,
1661,ZAPATO B152 NEGRO CDA 28.5,ND,ZAPATOS,ACTIVO,3,ESCOBEDO,,,,,,,1,1,14,0.8,0,1,1,505.5,0,0,,PAR,PAR,,,
1662,ZAPATO B152 NEGRO CDA 29,ND,ZAPATOS,ACTIVO,3,ESCOBEDO,,,,,,,1,1,14,0.8,0,1,1,505.5,0,0,,PAR,PAR,,,
1751,ZAPATO B152 NEGRO CDA 29.5,ND,ZAPATOS,ACTIVO,3,ESCOBEDO,,,,,,,1,1,14,0.8,0,1,1,505.5,0,0,,PAR,PAR,,,
1798,ZAPATO B300 NEGRO CDA 25,ND,ZAPATOS,ACTIVO,3,ESCOBEDO,,,,,,,1,1,14,0.8,0,1,1,525.5,0,0,,PAR,PAR,,,
1799,ZAPATO B300 NEGRO CDA 25.5,ND,ZAPATOS,ACTIVO,3,ESCOBEDO,,,,,,,1,1,14,0.8,0,1,1,525.5,0,0,,PAR,PAR,,,
1800,ZAPATO B300 NEGRO CDA 26,Slow Mover,ZAPATOS,ACTIVO,3,ESCOBEDO,,,,,,,1,1,14,0.8,0,1,1,552.5,0,0,,PAR,PAR,,,
1801,ZAPATO B300 NEGRO CDA 26.5,Slow Mover,ZAPATOS,ACTIVO,3,ESCOBEDO,,,,,,,1,1,14,0.8,0,1,1,552.5,0,0,,PAR,PAR,,,
1802,ZAPATO B300 NEGRO CDA 27,Slow Mover,ZAPATOS,ACTIVO,3,ESCOBEDO,,,,,,,1,1,14,0.8,0,1,1,552.5,0,0,,PAR,PAR,,,
1803,ZAPATO B300 NEGRO CDA 27.5,Slow Mover,ZAPATOS,ACTIVO,3,ESCOBEDO,,,,,,,1,1,14,0.8,0,1,1,552.5,0,0,,PAR,PAR,,,
1804,ZAPATO B300 NEGRO CDA 28,ND,ZAPATOS,ACTIVO,3,ESCOBEDO,,,,,,,1,1,14,0.8,0,1,1,552.5,0,0,,PAR,PAR,,,
1805,ZAPATO B300 NEGRO CDA 28.5,Slow Mover,ZAPATOS,ACTIVO,3,ESCOBEDO,,,,,,,1,1,14,0.8,0,1,1,552.5,0,0,,PAR,PAR,,,
1806,ZAPATO B300 NEGRO CDA 29,ND,ZAPATOS,ACTIVO,3,ESCOBEDO,,,,,,,1,1,14,0.8,0,1,1,552.5,0,0,,PAR,PAR,,,
2574,ZAPATO CDA 642 MIEL 23,ND,ZAPATOS,ACTIVO,3,ESCOBEDO,,,,,,,1,1,14,0.8,1,1,1,473.5,0,0,,PAR,PAR,,,
2575,ZAPATO CDA 642 MIEL 23.5,ND,ZAPATOS,ACTIVO,3,ESCOBEDO,,,,,,,1,1,14,0.8,1,1,1,473.5,0,0,,PAR,PAR,,,
2576,ZAPATO CDA 642 MIEL 24,ND,ZAPATOS,ACTIVO,3,ESCOBEDO,,,,,,,1,1,14,0.8,1,1,1,473.5,0,0,,PAR,PAR,,,
2577,ZAPATO CDA 642 MIEL 24.5,ND,ZAPATOS,ACTIVO,3,ESCOBEDO,,,,,,,1,1,14,0.8,1,1,1,473.5,0,0,,PAR,PAR,,,
2578,ZAPATO CDA 642 MIEL 25,ND,ZAPATOS,ACTIVO,3,ESCOBEDO,,,,,,,1,1,14,0.8,1,1,1,473.5,0,0,,PAR,PAR,,,
2579,ZAPATO CDA 642 MIEL 25.5,ND,ZAPATOS,ACTIVO,3,ESCOBEDO,,,,,,,1,1,14,0.8,1,1,1,473.5,0,0,,PAR,PAR,,,
2580,ZAPATO CDA 642 MIEL 26,ND,ZAPATOS,ACTIVO,3,ESCOBEDO,,,,,,,1,1,14,0.8,1,1,1,473.5,0,0,,PAR,PAR,,,
1868,ZAPATO CDA 657 22,ND,ZAPATOS,ACTIVO,3,ESCOBEDO,,,,,,,1,1,14,0.8,0,1,1,403,0,0,,PAR,PAR,,,
1869,ZAPATO CDA 657 22.5,ND,ZAPATOS,ACTIVO,3,ESCOBEDO,,,,,,,1,1,14,0.8,0,1,1,403,0,0,,PAR,PAR,,,
1870,ZAPATO CDA 657 23,ND,ZAPATOS,ACTIVO,3,ESCOBEDO,,,,,,,1,1,14,0.8,0,1,1,403,0,0,,PAR,PAR,,,
1871,ZAPATO CDA 657 23.5,ND,ZAPATOS,ACTIVO,3,ESCOBEDO,,,,,,,1,1,14,0.8,0,1,1,403,0,0,,PAR,PAR,,,
1872,ZAPATO CDA 657 24,ND,ZAPATOS,ACTIVO,3,ESCOBEDO,,,,,,,1,1,14,0.8,0,1,1,403,0,0,,PAR,PAR,,,
1873,ZAPATO CDA 657 24.5,ND,ZAPATOS,ACTIVO,3,ESCOBEDO,,,,,,,1,1,14,0.8,0,1,1,403,0,0,,PAR,PAR,,,
1874,ZAPATO CDA 657 25,ND,ZAPATOS,ACTIVO,3,ESCOBEDO,,,,,,,1,1,14,0.8,0,1,1,403,0,0,,PAR,PAR,,,
1875,ZAPATO CDA 657 25.5,ND,ZAPATOS,ACTIVO,3,ESCOBEDO,,,,,,,1,1,14,0.8,0,1,1,403,0,0,,PAR,PAR,,,
1877,ZAPATO CDA 657 26,ND,ZAPATOS,ACTIVO,3,ESCOBEDO,,,,,,,1,1,14,0.8,0,1,1,403,0,0,,PAR,PAR,,,
1878,ZAPATO CDA 657 26.5,ND,ZAPATOS,ACTIVO,3,ESCOBEDO,,,,,,,1,1,14,0.8,0,1,1,403,0,0,,PAR,PAR,,,
1879,ZAPATO CDA 657 27,ND,ZAPATOS,ACTIVO,3,ESCOBEDO,,,,,,,1,1,14,0.8,0,1,1,403,0,0,,PAR,PAR,,,
1880,ZAPATO CDA 678 22,ND,ZAPATOS,ACTIVO,3,ESCOBEDO,,,,,,,1,1,14,0.8,0,1,1,403,0,0,,PAR,PAR,,,
1881,ZAPATO CDA 678 22.5,ND,ZAPATOS,ACTIVO,3,ESCOBEDO,,,,,,,1,1,14,0.8,0,1,1,403,0,0,,PAR,PAR,,,
1882,ZAPATO CDA 678 23,ND,ZAPATOS,ACTIVO,3,ESCOBEDO,,,,,,,1,1,14,0.8,0,1,1,403,0,0,,PAR,PAR,,,
1884,ZAPATO CDA 678 24,ND,ZAPATOS,ACTIVO,3,ESCOBEDO,,,,,,,1,1,14,0.8,0,1,1,403,0,0,,PAR,PAR,,,
1885,ZAPATO CDA 678 24.5,ND,ZAPATOS,ACTIVO,3,ESCOBEDO,,,,,,,1,1,14,0.8,0,1,1,403,0,0,,PAR,PAR,,,
1886,ZAPATO CDA 678 25,ND,ZAPATOS,ACTIVO,3,ESCOBEDO,,,,,,,1,1,14,0.8,0,1,1,403,0,0,,PAR,PAR,,,
1887,ZAPATO CDA 678 25.5,ND,ZAPATOS,ACTIVO,3,ESCOBEDO,,,,,,,1,1,14,0.8,0,1,1,403,0,0,,PAR,PAR,,,
1888,ZAPATO CDA 678 26,ND,ZAPATOS,ACTIVO,3,ESCOBEDO,,,,,,,1,1,14,0.8,0,1,1,403,0,0,,PAR,PAR,,,
1889,ZAPATO CDA 678 26.5,ND,ZAPATOS,ACTIVO,3,ESCOBEDO,,,,,,,1,1,14,0.8,0,1,1,403,0,0,,PAR,PAR,,,
1890,ZAPATO CDA 678 27,ND,ZAPATOS,ACTIVO,3,ESCOBEDO,,,,,,,1,1,14,0.8,0,1,1,403,0,0,,PAR,PAR,,,
1575,ZAPATO CDA D001 NEGRO 22 ,ND,ZAPATOS,ACTIVO,3,ESCOBEDO,,,,,,,1,1,14,0.8,1,1,1,319.5,0,0,,PAR,PAR,,,
1576,ZAPATO CDA D001 NEGRO 23,Slow Mover,ZAPATOS,ACTIVO,3,ESCOBEDO,,,,,,,1,1,14,0.8,1,1,1,379.5,0,0,,PAR,PAR,,,
2382,ZAPATO CDA D001 NEGRO 23.5,ND,ZAPATOS,ACTIVO,3,ESCOBEDO,,,,,,,1,1,14,0.8,1,1,1,379.5,0,0,,PAR,PAR,,,
1577,ZAPATO CDA D001 NEGRO 24,Slow Mover,ZAPATOS,ACTIVO,3,ESCOBEDO,,,,,,,1,1,14,0.8,1,1,1,379.5,0,0,,PAR,PAR,,,
2383,ZAPATO CDA D001 NEGRO 24.5,ND,ZAPATOS,ACTIVO,3,ESCOBEDO,,,,,,,1,1,14,0.8,1,1,1,379.5,0,0,,PAR,PAR,,,
1578,ZAPATO CDA D001 NEGRO 25,ND,ZAPATOS,ACTIVO,3,ESCOBEDO,,,,,,,1,1,14,0.8,1,1,1,379.5,0,0,,PAR,PAR,,,
2384,ZAPATO CDA D001 NEGRO 25.5,Slow Mover,ZAPATOS,ACTIVO,3,ESCOBEDO,,,,,,,1,1,14,0.8,1,1,1,379.5,0,0,,PAR,PAR,,,
1579,ZAPATO CDA D001 NEGRO 26,Slow Mover,ZAPATOS,ACTIVO,3,ESCOBEDO,,,,,,,1,1,14,0.8,1,1,1,379.5,0,0,,PAR,PAR,,,
1812,ZAPATO CDA D001 VINO 23,ND,ZAPATOS,ACTIVO,3,ESCOBEDO,,,,,,,1,1,14,0.8,1,1,1,329.5,0,0,,PAR,PAR,,,
1813,ZAPATO CDA D001 VINO 23.5,ND,ZAPATOS,ACTIVO,3,ESCOBEDO,,,,,,,1,1,14,0.8,1,1,1,329.5,0,0,,PAR,PAR,,,
1814,ZAPATO CDA D001 VINO 24,ND,ZAPATOS,ACTIVO,3,ESCOBEDO,,,,,,,1,1,14,0.8,1,1,1,329.5,0,0,,PAR,PAR,,,
1815,ZAPATO CDA D001 VINO 24.5,ND,ZAPATOS,ACTIVO,3,ESCOBEDO,,,,,,,1,1,14,0.8,1,1,1,329.5,0,0,,PAR,PAR,,,
1818,ZAPATO CDA D001 VINO 25,ND,ZAPATOS,ACTIVO,3,ESCOBEDO,,,,,,,1,1,14,0.8,1,1,1,329.5,0,0,,PAR,PAR,,,
1816,ZAPATO CDA D001 VINO 25.5,ND,ZAPATOS,ACTIVO,3,ESCOBEDO,,,,,,,1,1,14,0.8,1,1,1,329.5,0,0,,PAR,PAR,,,
1817,ZAPATO CDA D001 VINO 26,ND,ZAPATOS,ACTIVO,3,ESCOBEDO,,,,,,,1,1,14,0.8,1,1,1,329.5,0,0,,PAR,PAR,,,
1819,ZAPATO CDA D001 VINO 26.5,ND,ZAPATOS,ACTIVO,3,ESCOBEDO,,,,,,,1,1,14,0.8,1,1,1,329.5,0,0,,PAR,PAR,,,
1820,ZAPATO CDA D001 VINO 27,ND,ZAPATOS,ACTIVO,3,ESCOBEDO,,,,,,,1,1,14,0.8,1,1,1,329.5,0,0,,PAR,PAR,,,
2476,ZAPATO CDA D002 CORAL 23,ND,ZAPATOS,ACTIVO,3,ESCOBEDO,,,,,,,1,1,14,0.8,1,1,1,389.5,0,0,,PAR,PAR,,,
2477,ZAPATO CDA D002 CORAL 23.5,ND,ZAPATOS,ACTIVO,3,ESCOBEDO,,,,,,,1,1,14,0.8,1,1,1,389.5,0,0,,PAR,PAR,,,
2478,ZAPATO CDA D002 CORAL 24,Slow Mover,ZAPATOS,ACTIVO,3,ESCOBEDO,,,,,,,1,1,14,0.8,1,1,1,389.5,0,0,,PAR,PAR,,,
2479,ZAPATO CDA D002 CORAL 24.5,ND,ZAPATOS,ACTIVO,3,ESCOBEDO,,,,,,,1,1,14,0.8,1,1,1,389.5,0,0,,PAR,PAR,,,
2480,ZAPATO CDA D002 CORAL 25,Slow Mover,ZAPATOS,ACTIVO,3,ESCOBEDO,,,,,,,1,1,14,0.8,1,1,1,389.5,0,0,,PAR,PAR,,,
2481,ZAPATO CDA D002 CORAL 25.5,Slow Mover,ZAPATOS,ACTIVO,3,ESCOBEDO,,,,,,,1,1,14,0.8,1,1,1,389.5,0,0,,PAR,PAR,,,
2482,ZAPATO CDA D002 CORAL 26,ND,ZAPATOS,ACTIVO,3,ESCOBEDO,,,,,,,1,1,14,0.8,1,1,1,389.5,0,0,,PAR,PAR,,,
2234,ZAPATO CDA D002 MARINO 22,ND,ZAPATOS,ACTIVO,3,ESCOBEDO,,,,,,,1,1,14,0.8,1,1,1,339.5,0,0,,PAR,PAR,,,
2235,ZAPATO CDA D002 MARINO 22.5,ND,ZAPATOS,ACTIVO,3,ESCOBEDO,,,,,,,1,1,14,0.8,1,1,1,339.5,0,0,,PAR,PAR,,,
2236,ZAPATO CDA D002 MARINO 23,ND,ZAPATOS,ACTIVO,3,ESCOBEDO,,,,,,,1,1,14,0.8,1,1,1,369.5,0,0,,PAR,PAR,,,
2237,ZAPATO CDA D002 MARINO 23.5,ND,ZAPATOS,ACTIVO,3,ESCOBEDO,,,,,,,1,1,14,0.8,1,1,1,369.5,0,0,,PAR,PAR,,,
2238,ZAPATO CDA D002 MARINO 24,ND,ZAPATOS,ACTIVO,3,ESCOBEDO,,,,,,,1,1,14,0.8,1,1,1,369.5,0,0,,PAR,PAR,,,
2239,ZAPATO CDA D002 MARINO 24.5,ND,ZAPATOS,ACTIVO,3,ESCOBEDO,,,,,,,1,1,14,0.8,1,1,1,369.5,0,0,,PAR,PAR,,,
2240,ZAPATO CDA D002 MARINO 25,ND,ZAPATOS,ACTIVO,3,ESCOBEDO,,,,,,,1,1,14,0.8,1,1,1,369.5,0,0,,PAR,PAR,,,
2355,ZAPATO CDA D002 MARINO 25.5,Slow Mover,ZAPATOS,ACTIVO,3,ESCOBEDO,,,,,,,1,1,14,0.8,1,1,1,369.5,0,0,,PAR,PAR,,,
2356,ZAPATO CDA D002 MARINO 26,ND,ZAPATOS,ACTIVO,3,ESCOBEDO,,,,,,,1,1,14,0.8,1,1,1,369.5,0,0,,PAR,PAR,,,
2063,ZAPATO CDA D002 NARANJA 22,ND,ZAPATOS,ACTIVO,3,ESCOBEDO,,,,,,,1,1,14,0.8,0,1,1,329.5,0,0,,PAR,PAR,,,
2064,ZAPATO CDA D002 NARANJA 22.5,Slow Mover,ZAPATOS,ACTIVO,3,ESCOBEDO,,,,,,,1,1,14,0.8,0,1,1,329.5,0,0,,PAR,PAR,,,
2065,ZAPATO CDA D002 NARANJA 23,Slow Mover,ZAPATOS,ACTIVO,3,ESCOBEDO,,,,,,,1,1,14,0.8,0,1,1,329.5,0,0,,PAR,PAR,,,
2066,ZAPATO CDA D002 NARANJA 23.5,ND,ZAPATOS,ACTIVO,3,ESCOBEDO,,,,,,,1,1,14,0.8,0,1,1,329.5,0,0,,PAR,PAR,,,
2067,ZAPATO CDA D002 NARANJA 24,ND,ZAPATOS,ACTIVO,3,ESCOBEDO,,,,,,,1,1,14,0.8,0,1,1,329.5,0,0,,PAR,PAR,,,
2068,ZAPATO CDA D002 NARANJA 24.5,ND,ZAPATOS,ACTIVO,3,ESCOBEDO,,,,,,,1,1,14,0.8,0,1,1,329.5,0,0,,PAR,PAR,,,
2069,ZAPATO CDA D002 NARANJA 25,ND,ZAPATOS,ACTIVO,3,ESCOBEDO,,,,,,,1,1,14,0.8,0,1,1,329.5,0,0,,PAR,PAR,,,
2070,ZAPATO CDA D002 NARANJA 25.5,ND,ZAPATOS,ACTIVO,3,ESCOBEDO,,,,,,,1,1,14,0.8,0,1,1,329.5,0,0,,PAR,PAR,,,
2071,ZAPATO CDA D002 NARANJA 26,ND,ZAPATOS,ACTIVO,3,ESCOBEDO,,,,,,,1,1,14,0.8,0,1,1,329.5,0,0,,PAR,PAR,,,
2072,ZAPATO CDA D002 NARANJA 26.5,ND,ZAPATOS,ACTIVO,3,ESCOBEDO,,,,,,,1,1,14,0.8,0,1,1,329.5,0,0,,PAR,PAR,,,
2073,ZAPATO CDA D002 NARANJA 27,ND,ZAPATOS,ACTIVO,3,ESCOBEDO,,,,,,,1,1,14,0.8,0,1,1,329.5,0,0,,PAR,PAR,,,
1568,ZAPATO CDA D003 NEGRO 23,ND,ZAPATOS,ACTIVO,3,ESCOBEDO,,,,,,,1,1,14,0.8,1,1,1,359.5,0,0,,PAR,PAR,,,
2414,ZAPATO CDA D003 NEGRO 23.5,Slow Mover,ZAPATOS,ACTIVO,3,ESCOBEDO,,,,,,,1,1,14,0.8,1,1,1,359.5,0,0,,PAR,PAR,,,
1569,ZAPATO CDA D003 NEGRO 24,ND,ZAPATOS,ACTIVO,3,ESCOBEDO,,,,,,,1,1,14,0.8,1,1,1,359.5,0,0,,PAR,PAR,,,
2415,ZAPATO CDA D003 NEGRO 24.5,ND,ZAPATOS,ACTIVO,3,ESCOBEDO,,,,,,,1,1,14,0.8,1,1,1,359.5,0,0,,PAR,PAR,,,
1570,ZAPATO CDA D003 NEGRO 25,ND,ZAPATOS,ACTIVO,3,ESCOBEDO,,,,,,,1,1,14,0.8,1,1,1,359.5,0,0,,PAR,PAR,,,
2416,ZAPATO CDA D003 NEGRO 25.5,ND,ZAPATOS,ACTIVO,3,ESCOBEDO,,,,,,,1,1,14,0.8,1,1,1,359.5,0,0,,PAR,PAR,,,
2417,ZAPATO CDA D003 NEGRO 26,ND,ZAPATOS,ACTIVO,3,ESCOBEDO,,,,,,,1,1,14,0.8,1,1,1,359.5,0,0,,PAR,PAR,,,
2100,ZAPATO CDA D003 ORO ROSA 22,ND,ZAPATOS,ACTIVO,3,ESCOBEDO,,,,,,,1,1,14,0.8,1,1,1,329.5,0,0,,PAR,PAR,,,
2101,ZAPATO CDA D003 ORO ROSA 22.5,ND,ZAPATOS,ACTIVO,3,ESCOBEDO,,,,,,,1,1,14,0.8,1,1,1,329.5,0,0,,PAR,PAR,,,
2102,ZAPATO CDA D003 ORO ROSA 23,Slow Mover,ZAPATOS,ACTIVO,3,ESCOBEDO,,,,,,,1,1,14,0.8,1,1,1,378.2,0,0,,PAR,PAR,,,
2103,ZAPATO CDA D003 ORO ROSA 23.5,ND,ZAPATOS,ACTIVO,3,ESCOBEDO,,,,,,,1,1,14,0.8,1,1,1,378.2,0,0,,PAR,PAR,,,
2104,ZAPATO CDA D003 ORO ROSA 24,ND,ZAPATOS,ACTIVO,3,ESCOBEDO,,,,,,,1,1,14,0.8,1,1,1,378.2,0,0,,PAR,PAR,,,
2105,ZAPATO CDA D003 ORO ROSA 24.5,ND,ZAPATOS,ACTIVO,3,ESCOBEDO,,,,,,,1,1,14,0.8,1,1,1,378.2,0,0,,PAR,PAR,,,
2106,ZAPATO CDA D003 ORO ROSA 25,ND,ZAPATOS,ACTIVO,3,ESCOBEDO,,,,,,,1,1,14,0.8,1,1,1,378.2,0,0,,PAR,PAR,,,
2107,ZAPATO CDA D003 ORO ROSA 25.5,ND,ZAPATOS,ACTIVO,3,ESCOBEDO,,,,,,,1,1,14,0.8,1,1,1,378.2,0,0,,PAR,PAR,,,
2108,ZAPATO CDA D003 ORO ROSA 26,Slow Mover,ZAPATOS,ACTIVO,3,ESCOBEDO,,,,,,,1,1,14,0.8,1,1,1,378.2,0,0,,PAR,PAR,,,
2109,ZAPATO CDA D003 ORO ROSA 26.5,ND,ZAPATOS,ACTIVO,3,ESCOBEDO,,,,,,,1,1,14,0.8,1,1,1,329.5,0,0,,PAR,PAR,,,
2110,ZAPATO CDA D003 ORO ROSA 27,ND,ZAPATOS,ACTIVO,3,ESCOBEDO,,,,,,,1,1,14,0.8,1,1,1,329.5,0,0,,PAR,PAR,,,
1821,ZAPATO CDA D006 NEGRO 23,ND,ZAPATOS,ACTIVO,3,ESCOBEDO,,,,,,,1,1,14,0.8,1,1,1,408.92,0,0,,PAR,PAR,,,
1822,ZAPATO CDA D006 NEGRO 23.5,Slow Mover,ZAPATOS,ACTIVO,3,ESCOBEDO,,,,,,,1,1,14,0.8,1,1,1,408.92,0,0,,PAR,PAR,,,
1823,ZAPATO CDA D006 NEGRO 24,ND,ZAPATOS,ACTIVO,3,ESCOBEDO,,,,,,,1,1,14,0.8,1,1,1,408.92,0,0,,PAR,PAR,,,
1824,ZAPATO CDA D006 NEGRO 24.5,Slow Mover,ZAPATOS,ACTIVO,3,ESCOBEDO,,,,,,,1,1,14,0.8,1,1,1,408.92,0,0,,PAR,PAR,,,
1825,ZAPATO CDA D006 NEGRO 25,Slow Mover,ZAPATOS,ACTIVO,3,ESCOBEDO,,,,,,,1,1,14,0.8,1,1,1,408.92,0,0,,PAR,PAR,,,
1826,ZAPATO CDA D006 NEGRO 25.5,Slow Mover,ZAPATOS,ACTIVO,3,ESCOBEDO,,,,,,,1,1,14,0.8,1,1,1,408.92,0,0,,PAR,PAR,,,
1827,ZAPATO CDA D006 NEGRO 26,ND,ZAPATOS,ACTIVO,3,ESCOBEDO,,,,,,,1,1,14,0.8,1,1,1,408.92,0,0,,PAR,PAR,,,
1828,ZAPATO CDA D006 NEGRO 26.5,ND,ZAPATOS,ACTIVO,3,ESCOBEDO,,,,,,,1,1,14,0.8,1,1,1,359.5,0,0,,PAR,PAR,,,
1829,ZAPATO CDA D006 NEGRO 27,ND,ZAPATOS,ACTIVO,3,ESCOBEDO,,,,,,,1,1,14,0.8,1,1,1,359.5,0,0,,PAR,PAR,,,
2052,ZAPATO CDA D007 VINO 22,ND,ZAPATOS,ACTIVO,3,ESCOBEDO,,,,,,,1,1,14,0.8,1,1,1,329.5,0,0,,PAR,PAR,,,
2053,ZAPATO CDA D007 VINO 22.5,ND,ZAPATOS,ACTIVO,3,ESCOBEDO,,,,,,,1,1,14,0.8,1,1,1,329.5,0,0,,PAR,PAR,,,
2054,ZAPATO CDA D007 VINO 23,ND,ZAPATOS,ACTIVO,3,ESCOBEDO,,,,,,,1,1,14,0.8,1,1,1,372.5,0,0,,PAR,PAR,,,
2055,ZAPATO CDA D007 VINO 23.5,Slow Mover,ZAPATOS,ACTIVO,3,ESCOBEDO,,,,,,,1,1,14,0.8,1,1,1,372.5,0,0,,PAR,PAR,,,
2056,ZAPATO CDA D007 VINO 24,ND,ZAPATOS,ACTIVO,3,ESCOBEDO,,,,,,,1,1,14,0.8,1,1,1,372.5,0,0,,PAR,PAR,,,
2057,ZAPATO CDA D007 VINO 24.5,Slow Mover,ZAPATOS,ACTIVO,3,ESCOBEDO,,,,,,,1,1,14,0.8,1,1,1,372.5,0,0,,PAR,PAR,,,
2058,ZAPATO CDA D007 VINO 25,ND,ZAPATOS,ACTIVO,3,ESCOBEDO,,,,,,,1,1,14,0.8,1,1,1,372.5,0,0,,PAR,PAR,,,
2059,ZAPATO CDA D007 VINO 25.5,ND,ZAPATOS,ACTIVO,3,ESCOBEDO,,,,,,,1,1,14,0.8,1,1,1,372.5,0,0,,PAR,PAR,,,
2060,ZAPATO CDA D007 VINO 26,ND,ZAPATOS,ACTIVO,3,ESCOBEDO,,,,,,,1,1,14,0.8,1,1,1,372.5,0,0,,PAR,PAR,,,
2061,ZAPATO CDA D007 VINO 26.5,ND,ZAPATOS,ACTIVO,3,ESCOBEDO,,,,,,,1,1,14,0.8,1,1,1,329.5,0,0,,PAR,PAR,,,
2062,ZAPATO CDA D007 VINO 27,ND,ZAPATOS,ACTIVO,3,ESCOBEDO,,,,,,,1,1,14,0.8,1,1,1,329.5,0,0,,PAR,PAR,,,
2088,ZAPATO CDA D013 ARENA 22,ND,ZAPATOS,ACTIVO,3,ESCOBEDO,,,,,,,1,1,14,0.8,0,1,1,375.5,0,0,,PAR,PAR,,,
2089,ZAPATO CDA D013 ARENA 22.5,ND,ZAPATOS,ACTIVO,3,ESCOBEDO,,,,,,,1,1,14,0.8,0,1,1,375.5,0,0,,PAR,PAR,,,
2090,ZAPATO CDA D013 ARENA 23,ND,ZAPATOS,ACTIVO,3,ESCOBEDO,,,,,,,1,1,14,0.8,0,1,1,375.5,0,0,,PAR,PAR,,,
2091,ZAPATO CDA D013 ARENA 23.5,ND,ZAPATOS,ACTIVO,3,ESCOBEDO,,,,,,,1,1,14,0.8,0,1,1,375.5,0,0,,PAR,PAR,,,
2092,ZAPATO CDA D013 ARENA 24,ND,ZAPATOS,ACTIVO,3,ESCOBEDO,,,,,,,1,1,14,0.8,0,1,1,375.5,0,0,,PAR,PAR,,,
2093,ZAPATO CDA D013 ARENA 24.5,ND,ZAPATOS,ACTIVO,3,ESCOBEDO,,,,,,,1,1,14,0.8,0,1,1,375.5,0,0,,PAR,PAR,,,
2094,ZAPATO CDA D013 ARENA 25,ND,ZAPATOS,ACTIVO,3,ESCOBEDO,,,,,,,1,1,14,0.8,0,1,1,375.5,0,0,,PAR,PAR,,,
2095,ZAPATO CDA D013 ARENA 25.5,ND,ZAPATOS,ACTIVO,3,ESCOBEDO,,,,,,,1,1,14,0.8,0,1,1,375.5,0,0,,PAR,PAR,,,
2096,ZAPATO CDA D013 ARENA 26,ND,ZAPATOS,ACTIVO,3,ESCOBEDO,,,,,,,1,1,14,0.8,0,1,1,375.5,0,0,,PAR,PAR,,,
2097,ZAPATO CDA D013 ARENA 26.5,ND,ZAPATOS,ACTIVO,3,ESCOBEDO,,,,,,,1,1,14,0.8,0,1,1,375.5,0,0,,PAR,PAR,,,
2098,ZAPATO CDA D013 ARENA 27,ND,ZAPATOS,ACTIVO,3,ESCOBEDO,,,,,,,1,1,14,0.8,0,1,1,375.5,0,0,,PAR,PAR,,,
2418,ZAPATO CDA D013 NEGRO 23,Slow Mover,ZAPATOS,ACTIVO,3,ESCOBEDO,,,,,,,1,1,14,0.8,1,1,1,379.5,0,0,,PAR,PAR,,,
2419,ZAPATO CDA D013 NEGRO 23.5,Slow Mover,ZAPATOS,ACTIVO,3,ESCOBEDO,,,,,,,1,1,14,0.8,1,1,1,379.5,0,0,,PAR,PAR,,,
2420,ZAPATO CDA D013 NEGRO 24,Slow Mover,ZAPATOS,ACTIVO,3,ESCOBEDO,,,,,,,1,1,14,0.8,1,1,1,379.5,0,0,,PAR,PAR,,,
2421,ZAPATO CDA D013 NEGRO 24.5,Slow Mover,ZAPATOS,ACTIVO,3,ESCOBEDO,,,,,,,1,1,14,0.8,1,1,1,379.5,0,0,,PAR,PAR,,,
2422,ZAPATO CDA D013 NEGRO 25,Slow Mover,ZAPATOS,ACTIVO,3,ESCOBEDO,,,,,,,1,1,14,0.8,1,1,1,379.5,0,0,,PAR,PAR,,,
2423,ZAPATO CDA D013 NEGRO 25.5,ND,ZAPATOS,ACTIVO,3,ESCOBEDO,,,,,,,1,1,14,0.8,1,1,1,379.5,0,0,,PAR,PAR,,,
2424,ZAPATO CDA D013 NEGRO 26,Slow Mover,ZAPATOS,ACTIVO,3,ESCOBEDO,,,,,,,1,1,14,0.8,1,1,1,379.5,0,0,,PAR,PAR,,,
2437,ZAPATO CDA D016 NEGRO 23,ND,ZAPATOS,ACTIVO,3,ESCOBEDO,,,,,,,1,1,14,0.8,1,1,1,369.5,0,0,,PAR,PAR,,,
2438,ZAPATO CDA D016 NEGRO 23.5,ND,ZAPATOS,ACTIVO,3,ESCOBEDO,,,,,,,1,1,14,0.8,1,1,1,369.5,0,0,,PAR,PAR,,,
2439,ZAPATO CDA D016 NEGRO 24,ND,ZAPATOS,ACTIVO,3,ESCOBEDO,,,,,,,1,1,14,0.8,1,1,1,369.5,0,0,,PAR,PAR,,,
2440,ZAPATO CDA D016 NEGRO 24.5,ND,ZAPATOS,ACTIVO,3,ESCOBEDO,,,,,,,1,1,14,0.8,1,1,1,369.5,0,0,,PAR,PAR,,,
2441,ZAPATO CDA D016 NEGRO 25,ND,ZAPATOS,ACTIVO,3,ESCOBEDO,,,,,,,1,1,14,0.8,1,1,1,369.5,0,0,,PAR,PAR,,,
2442,ZAPATO CDA D016 NEGRO 25.5,ND,ZAPATOS,ACTIVO,3,ESCOBEDO,,,,,,,1,1,14,0.8,1,1,1,369.5,0,0,,PAR,PAR,,,
2443,ZAPATO CDA D016 NEGRO 26,ND,ZAPATOS,ACTIVO,3,ESCOBEDO,,,,,,,1,1,14,0.8,1,1,1,369.5,0,0,,PAR,PAR,,,
2362,ZAPATO CDA D017 NEGRO 23,ND,ZAPATOS,ACTIVO,3,ESCOBEDO,,,,,,,1,1,14,0.8,1,1,1,379.5,0,0,,PAR,PAR,,,
2363,ZAPATO CDA D017 NEGRO 23.5,Slow Mover,ZAPATOS,ACTIVO,3,ESCOBEDO,,,,,,,1,1,14,0.8,1,1,1,379.5,0,0,,PAR,PAR,,,
2364,ZAPATO CDA D017 NEGRO 24,ND,ZAPATOS,ACTIVO,3,ESCOBEDO,,,,,,,1,1,14,0.8,1,1,1,379.5,0,0,,PAR,PAR,,,
2365,ZAPATO CDA D017 NEGRO 24.5,Slow Mover,ZAPATOS,ACTIVO,3,ESCOBEDO,,,,,,,1,1,14,0.8,1,1,1,379.5,0,0,,PAR,PAR,,,
2366,ZAPATO CDA D017 NEGRO 25,Slow Mover,ZAPATOS,ACTIVO,3,ESCOBEDO,,,,,,,1,1,14,0.8,1,1,1,379.5,0,0,,PAR,PAR,,,
2367,ZAPATO CDA D017 NEGRO 25.5,Slow Mover,ZAPATOS,ACTIVO,3,ESCOBEDO,,,,,,,1,1,14,0.8,1,1,1,379.5,0,0,,PAR,PAR,,,
2368,ZAPATO CDA D017 NEGRO 26,ND,ZAPATOS,ACTIVO,3,ESCOBEDO,,,,,,,1,1,14,0.8,1,1,1,379.5,0,0,,PAR,PAR,,,
2567,ZAPATO CDA D017 ROSA 23,ND,ZAPATOS,ACTIVO,3,ESCOBEDO,,,,,,,1,1,14,0.8,1,1,1,385.5,0,0,,PAR,PAR,,,
2568,ZAPATO CDA D017 ROSA 23.5,ND,ZAPATOS,ACTIVO,3,ESCOBEDO,,,,,,,1,1,14,0.8,1,1,1,385.5,0,0,,PAR,PAR,,,
2569,ZAPATO CDA D017 ROSA 24,Slow Mover,ZAPATOS,ACTIVO,3,ESCOBEDO,,,,,,,1,1,14,0.8,1,1,1,385.5,0,0,,PAR,PAR,,,
2570,ZAPATO CDA D017 ROSA 24.5,ND,ZAPATOS,ACTIVO,3,ESCOBEDO,,,,,,,1,1,14,0.8,1,1,1,385.5,0,0,,PAR,PAR,,,
2571,ZAPATO CDA D017 ROSA 25,Slow Mover,ZAPATOS,ACTIVO,3,ESCOBEDO,,,,,,,1,1,14,0.8,1,1,1,385.5,0,0,,PAR,PAR,,,
2572,ZAPATO CDA D017 ROSA 25.5,ND,ZAPATOS,ACTIVO,3,ESCOBEDO,,,,,,,1,1,14,0.8,1,1,1,385.5,0,0,,PAR,PAR,,,
2573,ZAPATO CDA D017 ROSA 26,ND,ZAPATOS,ACTIVO,3,ESCOBEDO,,,,,,,1,1,14,0.8,1,1,1,385.5,0,0,,PAR,PAR,,,
1858,ZAPATO CDA NEGRO 1003 25.5,ND,ZAPATOS,ACTIVO,3,ESCOBEDO,,,,,,,1,1,14,0.8,1,1,1,479,0,0,,PAR,PAR,,,
1859,ZAPATO CDA NEGRO 1003 26,ND,ZAPATOS,ACTIVO,3,ESCOBEDO,,,,,,,1,1,14,0.8,1,1,1,521.5,0,0,,PAR,PAR,,,
1860,ZAPATO CDA NEGRO 1003 26.5,ND,ZAPATOS,ACTIVO,3,ESCOBEDO,,,,,,,1,1,14,0.8,1,1,1,521.5,0,0,,PAR,PAR,,,
1861,ZAPATO CDA NEGRO 1003 27,ND,ZAPATOS,ACTIVO,3,ESCOBEDO,,,,,,,1,1,14,0.8,1,1,1,521.5,0,0,,PAR,PAR,,,
1862,ZAPATO CDA NEGRO 1003 27.5,Slow Mover,ZAPATOS,ACTIVO,3,ESCOBEDO,,,,,,,1,1,14,0.8,1,1,1,521.5,0,0,,PAR,PAR,,,
1863,ZAPATO CDA NEGRO 1003 28,ND,ZAPATOS,ACTIVO,3,ESCOBEDO,,,,,,,1,1,14,0.8,1,1,1,521.5,0,0,,PAR,PAR,,,
1864,ZAPATO CDA NEGRO 1003 28.5,ND,ZAPATOS,ACTIVO,3,ESCOBEDO,,,,,,,1,1,14,0.8,1,1,1,521.5,0,0,,PAR,PAR,,,
1865,ZAPATO CDA NEGRO 1003 29,Slow Mover,ZAPATOS,ACTIVO,3,ESCOBEDO,,,,,,,1,1,14,0.8,1,1,1,521.5,0,0,,PAR,PAR,,,
1866,ZAPATO CDA NEGRO 1003 29.5,ND,ZAPATOS,ACTIVO,3,ESCOBEDO,,,,,,,1,1,14,0.8,1,1,1,479,0,0,,PAR,PAR,,,
1867,ZAPATO CDA NEGRO 1003 30,ND,ZAPATOS,ACTIVO,3,ESCOBEDO,,,,,,,1,1,14,0.8,1,1,1,479,0,0,,PAR,PAR,,,
2581,ZAPATO CDA W553 NEGRO 23,ND,ZAPATOS,ACTIVO,3,ESCOBEDO,,,,,,,1,1,14,0.8,1,1,1,384.5,0,0,,PAR,PAR,,,
2582,ZAPATO CDA W553 NEGRO 23.5,ND,ZAPATOS,ACTIVO,3,ESCOBEDO,,,,,,,1,1,14,0.8,1,1,1,384.5,0,0,,PAR,PAR,,,
2583,ZAPATO CDA W553 NEGRO 24,ND,ZAPATOS,ACTIVO,3,ESCOBEDO,,,,,,,1,1,14,0.8,1,1,1,384.5,0,0,,PAR,PAR,,,
2584,ZAPATO CDA W553 NEGRO 24.5,ND,ZAPATOS,ACTIVO,3,ESCOBEDO,,,,,,,1,1,14,0.8,1,1,1,384.5,0,0,,PAR,PAR,,,
2585,ZAPATO CDA W553 NEGRO 25,ND,ZAPATOS,ACTIVO,3,ESCOBEDO,,,,,,,1,1,14,0.8,1,1,1,384.5,0,0,,PAR,PAR,,,
2587,ZAPATO CDA W553 NEGRO 25.5,ND,ZAPATOS,ACTIVO,3,ESCOBEDO,,,,,,,1,1,14,0.8,1,1,1,384.5,0,0,,PAR,PAR,,,
2588,ZAPATO CDA W553 NEGRO 26,ND,ZAPATOS,ACTIVO,3,ESCOBEDO,,,,,,,1,1,14,0.8,1,1,1,384.5,0,0,,PAR,PAR,,,
2560,ZAPATO CDA W654 MARINO 26,ND,ZAPATOS,ACTIVO,3,ESCOBEDO,,,,,,,1,1,14,0.8,1,1,1,432.5,0,0,,PAR,PAR,,,
2561,ZAPATO CDA W654 MARINO 26.5,ND,ZAPATOS,ACTIVO,3,ESCOBEDO,,,,,,,1,1,14,0.8,1,1,1,432.5,0,0,,PAR,PAR,,,
2562,ZAPATO CDA W654 MARINO 27,ND,ZAPATOS,ACTIVO,3,ESCOBEDO,,,,,,,1,1,14,0.8,1,1,1,432.5,0,0,,PAR,PAR,,,
2563,ZAPATO CDA W654 MARINO 27.5,ND,ZAPATOS,ACTIVO,3,ESCOBEDO,,,,,,,1,1,14,0.8,1,1,1,432.5,0,0,,PAR,PAR,,,
2564,ZAPATO CDA W654 MARINO 28,ND,ZAPATOS,ACTIVO,3,ESCOBEDO,,,,,,,1,1,14,0.8,1,1,1,432.5,0,0,,PAR,PAR,,,
2565,ZAPATO CDA W654 MARINO 28.5,ND,ZAPATOS,ACTIVO,3,ESCOBEDO,,,,,,,1,1,14,0.8,1,1,1,432.5,0,0,,PAR,PAR,,,
2566,ZAPATO CDA W654 MARINO 29,ND,ZAPATOS,ACTIVO,3,ESCOBEDO,,,,,,,1,1,14,0.8,1,1,1,432.5,0,0,,PAR,PAR,,,
2552,ZAPATO CDA W654 NEGRO 26,ND,ZAPATOS,ACTIVO,3,ESCOBEDO,,,,,,,1,1,14,0.8,1,1,1,432.5,0,0,,PAR,PAR,,,
2553,ZAPATO CDA W654 NEGRO 26.5,ND,ZAPATOS,ACTIVO,3,ESCOBEDO,,,,,,,1,1,14,0.8,1,1,1,432.5,0,0,,PAR,PAR,,,
2554,ZAPATO CDA W654 NEGRO 27,Slow Mover,ZAPATOS,ACTIVO,3,ESCOBEDO,,,,,,,1,1,14,0.8,1,1,1,432.5,0,0,,PAR,PAR,,,
2555,ZAPATO CDA W654 NEGRO 27.5,ND,ZAPATOS,ACTIVO,3,ESCOBEDO,,,,,,,1,1,14,0.8,1,1,1,432.5,0,0,,PAR,PAR,,,
2556,ZAPATO CDA W654 NEGRO 28,ND,ZAPATOS,ACTIVO,3,ESCOBEDO,,,,,,,1,1,14,0.8,1,1,1,432.5,0,0,,PAR,PAR,,,
2557,ZAPATO CDA W654 NEGRO 28.5,ND,ZAPATOS,ACTIVO,3,ESCOBEDO,,,,,,,1,1,14,0.8,1,1,1,432.5,0,0,,PAR,PAR,,,
2558,ZAPATO CDA W654 NEGRO 29,Slow Mover,ZAPATOS,ACTIVO,3,ESCOBEDO,,,,,,,1,1,14,0.8,1,1,1,432.5,0,0,,PAR,PAR,,,
1571,ZAPATO CDA Z002 NEGRO 25,ND,ZAPATOS,ACTIVO,3,ESCOBEDO,,,,,,,1,1,14,0.8,0,1,1,339.5,0,0,,PAR,PAR,,,
1834,ZAPATO CDA Z002 NEGRO 25.5,ND,ZAPATOS,ACTIVO,3,ESCOBEDO,,,,,,,1,1,14,0.8,0,1,1,339.5,0,0,,PAR,PAR,,,
1572,ZAPATO CDA Z002 NEGRO 26,ND,ZAPATOS,ACTIVO,3,ESCOBEDO,,,,,,,1,1,14,0.8,0,1,1,409.5,0,0,,PAR,PAR,,,
1835,ZAPATO CDA Z002 NEGRO 26.5,ND,ZAPATOS,ACTIVO,3,ESCOBEDO,,,,,,,1,1,14,0.8,1,1,1,409.5,0,0,,PAR,PAR,,,
1573,ZAPATO CDA Z002 NEGRO 27,ND,ZAPATOS,ACTIVO,3,ESCOBEDO,,,,,,,1,1,14,0.8,1,1,1,409.5,0,0,,PAR,PAR,,,
1836,ZAPATO CDA Z002 NEGRO 27.5,ND,ZAPATOS,ACTIVO,3,ESCOBEDO,,,,,,,1,1,14,0.8,1,1,1,409.5,0,0,,PAR,PAR,,,
1574,ZAPATO CDA Z002 NEGRO 28,ND,ZAPATOS,ACTIVO,3,ESCOBEDO,,,,,,,1,1,14,0.8,1,1,1,409.5,0,0,,PAR,PAR,,,
1837,ZAPATO CDA Z002 NEGRO 28.5,ND,ZAPATOS,ACTIVO,3,ESCOBEDO,,,,,,,1,1,14,0.8,1,1,1,409.5,0,0,,PAR,PAR,,,
1838,ZAPATO CDA Z002 NEGRO 29,ND,ZAPATOS,ACTIVO,3,ESCOBEDO,,,,,,,1,1,14,0.8,1,1,1,409.5,0,0,,PAR,PAR,,,
1807,ZAPATO CDA Z003 NEGRO 25,ND,ZAPATOS,ACTIVO,3,ESCOBEDO,,,,,,,1,1,14,0.8,0,1,1,319.5,0,0,,PAR,PAR,,,
1808,ZAPATO CDA Z003 NEGRO 25.5,ND,ZAPATOS,ACTIVO,3,ESCOBEDO,,,,,,,1,1,14,0.8,0,1,1,319.5,0,0,,PAR,PAR,,,
1580,ZAPATO CDA Z003 NEGRO 26,ND,ZAPATOS,ACTIVO,3,ESCOBEDO,,,,,,,1,1,14,0.8,0,1,1,319.5,0,0,,PAR,PAR,,,
1809,ZAPATO CDA Z003 NEGRO 26.5,ND,ZAPATOS,ACTIVO,3,ESCOBEDO,,,,,,,1,1,14,0.8,0,1,1,319.5,0,0,,PAR,PAR,,,
1581,ZAPATO CDA Z003 NEGRO 27,ND,ZAPATOS,ACTIVO,3,ESCOBEDO,,,,,,,1,1,14,0.8,0,1,1,319.5,0,0,,PAR,PAR,,,
1810,ZAPATO CDA Z003 NEGRO 27.5,ND,ZAPATOS,ACTIVO,3,ESCOBEDO,,,,,,,1,1,14,0.8,0,1,1,319.5,0,0,,PAR,PAR,,,
1582,ZAPATO CDA Z003 NEGRO 28,ND,ZAPATOS,ACTIVO,3,ESCOBEDO,,,,,,,1,1,14,0.8,0,1,1,319.5,0,0,,PAR,PAR,,,
1811,ZAPATO CDA Z003 NEGRO 28.5,ND,ZAPATOS,ACTIVO,3,ESCOBEDO,,,,,,,1,1,14,0.8,0,1,1,319.5,0,0,,PAR,PAR,,,
1583,ZAPATO CDA Z003 NEGRO 29,ND,ZAPATOS,ACTIVO,3,ESCOBEDO,,,,,,,1,1,14,0.8,0,1,1,319.5,0,0,,PAR,PAR,,,
2545,ZAPATO CDA Z005 NEGRO 26,ND,ZAPATOS,ACTIVO,3,ESCOBEDO,,,,,,,1,1,14,0.8,1,1,1,419.5,0,0,,PAR,PAR,,,
2546,ZAPATO CDA Z005 NEGRO 26.5,ND,ZAPATOS,ACTIVO,3,ESCOBEDO,,,,,,,1,1,14,0.8,1,1,1,419.5,0,0,,PAR,PAR,,,
2547,ZAPATO CDA Z005 NEGRO 27,ND,ZAPATOS,ACTIVO,3,ESCOBEDO,,,,,,,1,1,14,0.8,1,1,1,419.5,0,0,,PAR,PAR,,,
2548,ZAPATO CDA Z005 NEGRO 27.5,ND,ZAPATOS,ACTIVO,3,ESCOBEDO,,,,,,,1,1,14,0.8,1,1,1,419.5,0,0,,PAR,PAR,,,
2549,ZAPATO CDA Z005 NEGRO 28,ND,ZAPATOS,ACTIVO,3,ESCOBEDO,,,,,,,1,1,14,0.8,1,1,1,419.5,0,0,,PAR,PAR,,,
2550,ZAPATO CDA Z005 NEGRO 28.5,ND,ZAPATOS,ACTIVO,3,ESCOBEDO,,,,,,,1,1,14,0.8,1,1,1,419.5,0,0,,PAR,PAR,,,
2551,ZAPATO CDA Z005 NEGRO 29,ND,ZAPATOS,ACTIVO,3,ESCOBEDO,,,,,,,1,1,14,0.8,1,1,1,419.5,0,0,,PAR,PAR,,,
2048,ZAPATO D016 PLATEADO CDA 22,ND,ZAPATOS,ACTIVO,3,ESCOBEDO,,,,,,,1,1,14,0.8,0,1,1,319.5,0,0,,PAR,PAR,,,
2049,ZAPATO D016 PLATEADO CDA 22.5,ND,ZAPATOS,ACTIVO,3,ESCOBEDO,,,,,,,1,1,14,0.8,0,1,1,319.5,0,0,,PAR,PAR,,,
2028,ZAPATO D016 PLATEADO CDA 23,Slow Mover,ZAPATOS,ACTIVO,3,ESCOBEDO,,,,,,,1,1,14,0.8,0,1,1,349.5,0,0,,PAR,PAR,,,
2029,ZAPATO D016 PLATEADO CDA 23.5,Slow Mover,ZAPATOS,ACTIVO,3,ESCOBEDO,,,,,,,1,1,14,0.8,0,1,1,349.5,0,0,,PAR,PAR,,,
2030,ZAPATO D016 PLATEADO CDA 24,ND,ZAPATOS,ACTIVO,3,ESCOBEDO,,,,,,,1,1,14,0.8,0,1,1,349.5,0,0,,PAR,PAR,,,
2031,ZAPATO D016 PLATEADO CDA 24.5,ND,ZAPATOS,ACTIVO,3,ESCOBEDO,,,,,,,1,1,14,0.8,0,1,1,349.5,0,0,,PAR,PAR,,,
2032,ZAPATO D016 PLATEADO CDA 25,ND,ZAPATOS,ACTIVO,3,ESCOBEDO,,,,,,,1,1,14,0.8,0,1,1,349.5,0,0,,PAR,PAR,,,
2033,ZAPATO D016 PLATEADO CDA 25.5,ND,ZAPATOS,ACTIVO,3,ESCOBEDO,,,,,,,1,1,14,0.8,0,1,1,349.5,0,0,,PAR,PAR,,,
2034,ZAPATO D016 PLATEADO CDA 26,ND,ZAPATOS,ACTIVO,3,ESCOBEDO,,,,,,,1,1,14,0.8,0,1,1,349.5,0,0,,PAR,PAR,,,
2035,ZAPATO D016 PLATEADO CDA 26.5,ND,ZAPATOS,ACTIVO,3,ESCOBEDO,,,,,,,1,1,14,0.8,0,1,1,319.5,0,0,,PAR,PAR,,,
2036,ZAPATO D016 PLATEADO CDA 27,ND,ZAPATOS,ACTIVO,3,ESCOBEDO,,,,,,,1,1,14,0.8,0,1,1,319.5,0,0,,PAR,PAR,,,
2266,ZAPATO P108 BEIGE CDA 23,ND,ZAPATOS,ACTIVO,3,ESCOBEDO,,,,,,,1,1,14,0.8,0,1,1,403,0,0,,PAR,PAR,,,
2267,ZAPATO P108 BEIGE CDA 23.5,ND,ZAPATOS,ACTIVO,3,ESCOBEDO,,,,,,,1,1,14,0.8,0,1,1,403,0,0,,PAR,PAR,,,
2268,ZAPATO P108 BEIGE CDA 24,ND,ZAPATOS,ACTIVO,3,ESCOBEDO,,,,,,,1,1,14,0.8,0,1,1,403,0,0,,PAR,PAR,,,
2269,ZAPATO P108 BEIGE CDA 24.5,ND,ZAPATOS,ACTIVO,3,ESCOBEDO,,,,,,,1,1,14,0.8,0,1,1,403,0,0,,PAR,PAR,,,
2270,ZAPATO P108 BEIGE CDA 25,ND,ZAPATOS,ACTIVO,3,ESCOBEDO,,,,,,,1,1,14,0.8,0,1,1,403,0,0,,PAR,PAR,,,
1726,ZG 001 MIEL 22.5,ND,ZAPATOS,ACTIVO,3,ESCOBEDO,,,,,,,1,1,14,0.8,1,1,1,387.93,0,0,,PAR,PAR,,,
844,ZG 001 MIEL 23,Slow Mover,ZAPATOS,ACTIVO,3,ESCOBEDO,,,,,,,1,1,14,0.8,1,1,1,387.93,0,0,,PZ,PZ,,,
969,ZG 001 MIEL 23.5,ND,ZAPATOS,ACTIVO,3,ESCOBEDO,,,,,,,1,1,14,0.8,1,1,1,418.11,0,0,,PAR,PAR,,,
896,ZG 001 MIEL 24,Slow Mover,ZAPATOS,ACTIVO,3,ESCOBEDO,,,,,,,1,1,14,0.8,1,1,1,418.11,0,0,,par,par,,,
897,ZG 001 MIEL 24.5,Slow Mover,ZAPATOS,ACTIVO,3,ESCOBEDO,,,,,,,1,1,14,0.8,1,1,1,418.11,0,0,,par,par,,,
906,ZG 001 MIEL 25,Slow Mover,ZAPATOS,ACTIVO,3,ESCOBEDO,,,,,,,1,1,14,0.8,1,1,1,418.11,0,0,,PAR,PAR,,,
1841,ZG 001 MIEL 25.5,Slow Mover,ZAPATOS,ACTIVO,3,ESCOBEDO,,,,,,,1,1,14,0.8,1,1,1,418.11,0,0,,PAR,PAR,,,
1842,ZG 001 MIEL 26,Slow Mover,ZAPATOS,ACTIVO,3,ESCOBEDO,,,,,,,1,1,14,0.8,1,1,1,418.11,0,0,,PAR,PAR,,,
1725,ZG 003 MARFIL 22.5,ND,ZAPATOS,ACTIVO,3,ESCOBEDO,,,,,,,1,1,14,0.8,1,1,1,387.93,0,0,,PAR,PAR,,,
1021,ZG 003 MARFIL 23,ND,ZAPATOS,ACTIVO,3,ESCOBEDO,,,,,,,1,1,14,0.8,1,1,1,418.11,0,0,,PAR,PAR,,,
713,ZG 003 MARFIL 23.5,Slow Mover,ZAPATOS,ACTIVO,3,ESCOBEDO,,,,,,,1,1,14,0.8,1,1,1,418.11,0,0,,pz,pz,,,
785,ZG 003 MARFIL 24,ND,ZAPATOS,ACTIVO,3,ESCOBEDO,,,,,,,1,1,14,0.8,1,1,1,418.11,0,0,,pz,pz,,,
714,ZG 003 MARFIL 24.5 ,Slow Mover,ZAPATOS,ACTIVO,3,ESCOBEDO,,,,,,,1,1,14,0.8,1,1,1,418.11,0,0,,pz,pz,,,
715,ZG 003 MARFIL 25,ND,ZAPATOS,ACTIVO,3,ESCOBEDO,,,,,,,1,1,14,0.8,1,1,1,418.11,0,0,,pz,pz,,,
1843,ZG 003 MARFIL 25.5,ND,ZAPATOS,ACTIVO,3,ESCOBEDO,,,,,,,1,1,14,0.8,1,1,1,418.11,0,0,,PAR,PAR,,,
1844,ZG 003 MARFIL 26,ND,ZAPATOS,ACTIVO,3,ESCOBEDO,,,,,,,1,1,14,0.8,1,1,1,418.11,0,0,,PAR,PAR,,,
832,ZG 3010 CAFÉ 26,Slow Mover,ZAPATOS,ACTIVO,3,ESCOBEDO,,,,,,,1,1,14,0.8,1,1,1,443.96,0,0,,pz,pz,,,
737,ZG 3010 CAFE 26.5,ND,ZAPATOS,ACTIVO,3,ESCOBEDO,,,,,,,1,1,14,0.8,1,1,1,443.96,0,0,,pz,pz,,,
738,ZG 3010 CAFE 27,ND,ZAPATOS,ACTIVO,3,ESCOBEDO,,,,,,,1,1,14,0.8,1,1,1,443.96,0,0,,pz,pz,,,
739,ZG 3010 CAFE 27.5,Slow Mover,ZAPATOS,ACTIVO,3,ESCOBEDO,,,,,,,1,1,14,0.8,1,1,1,443.96,0,0,,pz,pz,,,
740,ZG 3010 CAFE 28,Slow Mover,ZAPATOS,ACTIVO,3,ESCOBEDO,,,,,,,1,1,14,0.8,1,1,1,443.96,0,0,,pz,pz,,,
741,ZG 3010 CAFE 28.5,Slow Mover,ZAPATOS,ACTIVO,3,ESCOBEDO,,,,,,,1,1,14,0.8,1,1,1,443.96,0,0,,pz,pz,,,
1066,ZG 3010 CAFE 29,Slow Mover,ZAPATOS,ACTIVO,3,ESCOBEDO,,,,,,,1,1,14,0.8,1,1,1,443.96,0,0,,PAR,PAR,,,
718,ZG 3010 NEGRO 26,ND,ZAPATOS,ACTIVO,3,ESCOBEDO,,,,,,,1,1,14,0.8,1,1,1,443.96,0,0,,pz,pz,,,
1050,ZG 3010 NEGRO 26.5,ND,ZAPATOS,ACTIVO,3,ESCOBEDO,,,,,,,1,1,14,0.8,1,1,1,443.96,0,0,,PAR,PAR,,,
719,ZG 3010 NEGRO 27,Slow Mover,ZAPATOS,ACTIVO,3,ESCOBEDO,,,,,,,1,1,14,0.8,1,1,1,443.96,0,0,,pz,pz,,,
720,ZG 3010 NEGRO 27.5,Slow Mover,ZAPATOS,ACTIVO,3,ESCOBEDO,,,,,,,1,1,14,0.8,1,1,1,443.96,0,0,,pz,pz,,,
721,ZG 3010 NEGRO 28,Slow Mover,ZAPATOS,ACTIVO,3,ESCOBEDO,,,,,,,1,1,14,0.8,1,1,1,443.96,0,0,,pz,pz,,,
722,ZG 3010 NEGRO 28.5,ND,ZAPATOS,ACTIVO,3,ESCOBEDO,,,,,,,1,1,14,0.8,1,1,1,443.96,0,0,,par,par,,,
877,ZG 3010 NEGRO 29,Slow Mover,ZAPATOS,ACTIVO,3,ESCOBEDO,,,,,,,1,1,14,0.8,1,1,1,443.96,0,0,,par,par,,,
967,ZG 360G NEGRO 22.5,ND,ZAPATOS,ACTIVO,3,ESCOBEDO,,,,,,,1,1,14,0.8,1,1,1,560,0,0,,PAR,PAR,,,
830,ZG 360G NEGRO 23,ND,ZAPATOS,ACTIVO,3,ESCOBEDO,,,,,,,1,1,14,0.8,1,1,1,418.11,0,0,,PZ,PZ,,,
855,ZG 360G NEGRO 23.5,ND,ZAPATOS,ACTIVO,3,ESCOBEDO,,,,,,,1,1,14,0.8,1,1,1,418.11,0,0,,PZ,PZ,,,
856,ZG 360G NEGRO 24,ND,ZAPATOS,ACTIVO,3,ESCOBEDO,,,,,,,1,1,14,0.8,1,1,1,418.11,0,0,,PZ,PZ,,,
857,ZG 360G NEGRO 24.5,ND,ZAPATOS,ACTIVO,3,ESCOBEDO,,,,,,,1,1,14,0.8,1,1,1,418.11,0,0,,PZ,PZ,,,
831,ZG 360G NEGRO 25,ND,ZAPATOS,ACTIVO,3,ESCOBEDO,,,,,,,1,1,14,0.8,1,1,1,418.11,0,0,,PZ,PZ,,,
1845,ZG 360G NEGRO 25.5,ND,ZAPATOS,ACTIVO,3,ESCOBEDO,,,,,,,1,1,14,0.8,1,1,1,418.11,0,0,,PAR,PAR,,,
1846,ZG 360G NEGRO 26,ND,ZAPATOS,ACTIVO,3,ESCOBEDO,,,,,,,1,1,14,0.8,1,1,1,387.93,0,0,,PAR,PAR,,,
1728,ZG 370G NEGRO 22.5,ND,ZAPATOS,ACTIVO,3,ESCOBEDO,,,,,,,1,1,14,0.8,1,1,1,387.93,0,0,,PAR,PAR,,,
898,ZG 370G NEGRO 23,Slow Mover,ZAPATOS,ACTIVO,3,ESCOBEDO,,,,,,,1,1,14,0.8,1,1,1,387.93,0,0,,par,par,,,
749,ZG 370G NEGRO 23.5,Slow Mover,ZAPATOS,ACTIVO,3,ESCOBEDO,,,,,,,1,1,14,0.8,1,1,1,387.93,0,0,,pz,pz,,,
750,ZG 370G NEGRO 24,Slow Mover,ZAPATOS,ACTIVO,3,ESCOBEDO,,,,,,,1,1,14,0.8,1,1,1,387.93,0,0,,pz,pz,,,
751,ZG 370G NEGRO 24.5,Slow Mover,ZAPATOS,ACTIVO,3,ESCOBEDO,,,,,,,1,1,14,0.8,1,1,1,387.93,0,0,,pz,pz,,,
752,ZG 370G NEGRO 25,Slow Mover,ZAPATOS,ACTIVO,3,ESCOBEDO,,,,,,,1,1,14,0.8,1,1,1,387.93,0,0,,pz,pz,,,
753,ZG 370G NEGRO 25.5,Slow Mover,ZAPATOS,ACTIVO,3,ESCOBEDO,,,,,,,1,1,14,0.8,1,1,1,387.93,0,0,,pz,pz,,,
754,ZG 370G NEGRO 26,Slow Mover,ZAPATOS,ACTIVO,3,ESCOBEDO,,,,,,,1,1,14,0.8,1,1,1,387.93,0,0,,pz,pz,,,
2319,ZG 9001 NEGRO DAMA 23,Slow Mover,ZAPATOS,ACTIVO,3,ESCOBEDO,,,,,,,1,1,14,0.8,1,1,1,418.11,0,0,,PAR,PAR,,,
2320,ZG 9001 NEGRO DAMA 23.5,ND,ZAPATOS,ACTIVO,3,ESCOBEDO,,,,,,,1,1,14,0.8,1,1,1,418.11,0,0,,PAR,PAR,,,
2321,ZG 9001 NEGRO DAMA 24,ND,ZAPATOS,ACTIVO,3,ESCOBEDO,,,,,,,1,1,14,0.8,1,1,1,418.11,0,0,,PAR,PAR,,,
2322,ZG 9001 NEGRO DAMA 24.5,ND,ZAPATOS,ACTIVO,3,ESCOBEDO,,,,,,,1,1,14,0.8,1,1,1,418.11,0,0,,PAR,PAR,,,
2323,ZG 9001 NEGRO DAMA 25,ND,ZAPATOS,ACTIVO,3,ESCOBEDO,,,,,,,1,1,14,0.8,1,1,1,418.11,0,0,,PAR,PAR,,,
2324,ZG 9001 NEGRO DAMA 25.5,ND,ZAPATOS,ACTIVO,3,ESCOBEDO,,,,,,,1,1,14,0.8,1,1,1,418.11,0,0,,PAR,PAR,,,
2325,ZG 9001 NEGRO DAMA 26,Slow Mover,ZAPATOS,ACTIVO,3,ESCOBEDO,,,,,,,1,1,14,0.8,1,1,1,418.11,0,0,,PAR,PAR,,,
2004,ZG BOTA CIERRE NEGRO 25,ND,ZAPATOS,ACTIVO,3,ESCOBEDO,,,,,,,1,1,14,0.8,1,1,1,405.17,0,0,,PAR,PAR,,,
2003,ZG BOTA CIERRE NEGRO 25.5,ND,ZAPATOS,ACTIVO,3,ESCOBEDO,,,,,,,1,1,14,0.8,1,1,1,405.17,0,0,,PAR,PAR,,,
833,ZG BOTA CIERRE NEGRO 26,Slow Mover,ZAPATOS,ACTIVO,3,ESCOBEDO,,,,,,,1,1,14,0.8,1,1,1,443.96,0,0,,pz,pz,,,
834,ZG BOTA CIERRE NEGRO 26.5,Slow Mover,ZAPATOS,ACTIVO,3,ESCOBEDO,,,,,,,1,1,14,0.8,1,1,1,443.96,0,0,,pz,pz,,,
835,ZG BOTA CIERRE NEGRO 27,Slow Mover,ZAPATOS,ACTIVO,3,ESCOBEDO,,,,,,,1,1,14,0.8,1,1,1,443.96,0,0,,pz,pz,,,
1008,ZG BOTA CIERRE NEGRO 27.5,Slow Mover,ZAPATOS,ACTIVO,3,ESCOBEDO,,,,,,,1,1,14,0.8,1,1,1,443.96,0,0,,par,par,,,
870,ZG BOTA CIERRE NEGRO 28,Slow Mover,ZAPATOS,ACTIVO,3,ESCOBEDO,,,,,,,1,1,14,0.8,1,1,1,443.96,0,0,,PZ,PZ,,,
1589,ZG BOTA CIERRE NEGRO 28.5,ND,ZAPATOS,ACTIVO,3,ESCOBEDO,,,,,,,1,1,14,0.8,1,1,1,443.96,0,0,,PAR,PAR,,,
1590,ZG BOTA CIERRE NEGRO 29,Slow Mover,ZAPATOS,ACTIVO,3,ESCOBEDO,,,,,,,1,1,14,0.8,1,1,1,443.96,0,0,,PAR,PAR,,,
838,ZG KARLA NEGRO 23,ND,ZAPATOS,ACTIVO,3,ESCOBEDO,,,,,,,1,1,14,0.8,1,1,1,387.93,0,0,,pz,pz,,,
705,ZG KARLA NEGRO 23.5,ND,ZAPATOS,ACTIVO,3,ESCOBEDO,,,,,,,1,1,14,0.8,1,1,1,387.93,0,0,,pz,pz,,,
778,ZG KARLA NEGRO 24,ND,ZAPATOS,ACTIVO,3,ESCOBEDO,,,,,,,1,1,14,0.8,1,1,1,387.93,0,0,,pz,pz,,,
706,ZG KARLA NEGRO 24.5,ND,ZAPATOS,ACTIVO,3,ESCOBEDO,,,,,,,1,1,14,0.8,1,1,1,387.93,0,0,,pz,pz,,,
707,ZG KARLA NEGRO 25,ND,ZAPATOS,ACTIVO,3,ESCOBEDO,,,,,,,1,1,14,0.8,1,1,1,387.93,0,0,,pz,pz,,,
1584,ZG KARLA NEGRO 25.5,ND,ZAPATOS,ACTIVO,3,ESCOBEDO,,,,,,,1,1,14,0.8,1,1,1,387.93,0,0,,PAR,PAR,,,
1585,ZG KARLA NEGRO 26,ND,ZAPATOS,ACTIVO,3,ESCOBEDO,,,,,,,1,1,14,0.8,1,1,1,387.93,0,0,,PAR,PAR,,,
908,ZG MOCASIN NEGRO 26,ND,ZAPATOS,ACTIVO,3,ESCOBEDO,,,,,,,1,1,14,0.8,1,1,1,443.96,0,0,,PAR,PAR,,,
935,ZG MOCASIN NEGRO 26.5,Slow Mover,ZAPATOS,ACTIVO,3,ESCOBEDO,,,,,,,1,1,14,0.8,1,1,1,443.96,0,0,,,,,,
1049,ZG MOCASIN NEGRO 27,Slow Mover,ZAPATOS,ACTIVO,3,ESCOBEDO,,,,,,,1,1,14,0.8,1,1,1,443.96,0,0,,PAR,PAR,,,
895,ZG MOCASIN NEGRO 27.5,ND,ZAPATOS,ACTIVO,3,ESCOBEDO,,,,,,,1,1,14,0.8,1,1,1,443.96,0,0,,PAR,PAR,,,
1065,ZG MOCASIN NEGRO 28,Slow Mover,ZAPATOS,ACTIVO,3,ESCOBEDO,,,,,,,1,1,14,0.8,1,1,1,443.96,0,0,,PAR,PAR,,,
934,ZG MOCASIN NEGRO 28.5,Slow Mover,ZAPATOS,ACTIVO,3,ESCOBEDO,,,,,,,1,1,14,0.8,1,1,1,443.96,0,0,,par,par,,,
1014,ZG MOCASIN NEGRO 29,Slow Mover,ZAPATOS,ACTIVO,3,ESCOBEDO,,,,,,,1,1,14,0.8,1,1,1,443.96,0,0,,PAR,PAR,,,
2411,CDA ALMENDRA ENCHILADA 40GR,ND,SNACKS,ACTIVO,3,ESCOBEDO,,,,,,,1,1,14,0.8,0,1,1,23.67,0,0,,PIEZA,PIEZA,,,
2537,CDA ALMENDRAS CON CHOCOLATE 180GR INMMUNIS,Slow Mover,SNACKS,ACTIVO,3,ESCOBEDO,,,,,,,1,1,14,0.8,10,1,1,64.05,175,180,,PIEZA,PIEZA,,,
2538,CDA ALMENDRAS CON CHOCOLATE 60GR INMMUNIS,ND,SNACKS,ACTIVO,3,ESCOBEDO,,,,,,,1,1,14,0.8,10,1,1,25.5,175,180,,PIEZA,PIEZA,,,
2535,CDA PASAS CON CHOCOLATE 180GR INMMUNIS,ND,SNACKS,ACTIVO,3,ESCOBEDO,,,,,,,1,1,14,0.8,10,1,1,53.34,175,180,,PIEZA,PIEZA,,,
2536,CDA PASAS CON CHOCOLATE 60GR INMMUNIS,ND,SNACKS,ACTIVO,3,ESCOBEDO,,,,,,,1,1,14,0.8,10,1,1,22.04,175,180,,PIEZA,PIEZA,,,
1681,CDA SNACKS ALMENDRA CON CHOCOLATE 60GR,,SNACKS,ACTIVO,3,ESCOBEDO,,,,,,,1,1,14,0.8,10,1,1,25.5,175,180,,PIEZA,PIEZA,,,
1694,CDA SNACKS ALMENDRA ENCHILADA 60GR,,SNACKS,ACTIVO,3,ESCOBEDO,,,,,,,1,1,14,0.8,10,1,1,29.4,175,180,,PIEZA,PIEZA,,,
2287,CDA SNACKS ALMENDRA NATURAL 60GR,,SNACKS,ACTIVO,3,ESCOBEDO,,,,,,,1,1,14,0.8,10,1,1,35,175,180,,PZ,PZ,,,
1830,CDA SNACKS ALMENDRAS CON CHOCOLATE 180GRS,,SNACKS,ACTIVO,3,ESCOBEDO,,,,,,,1,1,14,0.8,10,1,1,64.05,175,180,, PZA, PZA,,,
2226,CDA SNACKS MIX  FRUTOS CON NUEZ 180 G,,SNACKS,ACTIVO,3,ESCOBEDO,,,,,,,1,1,14,0.8,10,1,1,51.12,175,180,,1,1,,,
2225,CDA SNACKS MIX ARANDANOS CON ALMENDRAS 180G,,SNACKS,ACTIVO,3,ESCOBEDO,,,,,,,1,1,14,0.8,10,1,1,51.12,175,180,,PZ,PZ,,,
2150,CDA SNACKS MIX ARANDANOS CON ALMENDRAS 50G,,SNACKS,ACTIVO,3,ESCOBEDO,,,,,,,1,1,14,0.8,10,1,1,16.9,175,180,,PZ,PZ,,,
1832,CDA SNACKS MIX ENERGETICO 180GRS,,SNACKS,ACTIVO,3,ESCOBEDO,,,,,,,1,1,14,0.8,10,1,1,32.8,175,180,,pza,pza,,,
1689,CDA SNACKS MIX ENERGETICO 60GR,,SNACKS,ACTIVO,3,ESCOBEDO,,,,,,,1,1,14,0.8,10,1,1,17.66,175,180,,PIEZA,PIEZA,,,
2151,CDA SNACKS MIX FRUTOS CON NUEZ 50G,,SNACKS,ACTIVO,3,ESCOBEDO,,,,,,,1,1,14,0.8,10,1,1,16.9,175,180,,PZ,PZ,,,
1833,CDA SNACKS MIX SALUDABLE 180GRS,,SNACKS,ACTIVO,3,ESCOBEDO,,,,,,,1,1,14,0.8,10,1,1,43.49,175,180,,PZA,PZA,,,
1695,CDA SNACKS MIX SALUDABLE 60GR,,SNACKS,ACTIVO,3,ESCOBEDO,,,,,,,1,1,14,0.8,10,1,1,16.86,175,180,,PIEZA,PIEZA,,,
2155,CDA SNACKS NUEZ DE LA INDIA 50GRS,,SNACKS,ACTIVO,3,ESCOBEDO,,,,,,,1,1,14,0.8,10,1,1,24.7,175,180,,PZ,PZ,,,
1692,CDA SNACKS NUEZ PECANERA 50GR,,SNACKS,ACTIVO,3,ESCOBEDO,,,,,,,1,1,14,0.8,10,1,1,21.76,175,180,,PIEZA,PIEZA,,,
1831,CDA SNACKS PASAS CON CHOCOLATE 180GRS,,SNACKS,ACTIVO,3,ESCOBEDO,,,,,,,1,1,14,0.8,10,1,1,53.34,175,180,,PZA,PZA,,,
1682,CDA SNACKS PASAS CON CHOCOLATE 60GR,,SNACKS,ACTIVO,3,ESCOBEDO,,,,,,,1,1,14,0.8,10,1,1,22.04,175,180,,PIEZA,PIEZA,,,
2156,CDA SNACKS PISTACHE TOSTADO 50G,,SNACKS,ACTIVO,3,ESCOBEDO,,,,,,,1,1,14,0.8,10,1,1,25.8,175,180,,PZ,PZ,,,
